Year,doy,Development_Stage,LAI,Cumulative_Thermal_Unit,LiveRoot_Dry_Weight,Shoot_Dry_Weight,weight_roots_living,Leaf_Carbon,Stem_Carbon,Seed_Carbon,Root_Carbon,Nitrogen_Leaf,Nitrogen_Stem,Nitrogen_Seed,Nitrogen_Root,Nitrogen_uptake,Respiration_Uptakes,Maintenance_Respiration,Cumulative_Respiration,Potential_Canopy_Photosynthesis,Actual_Canopy_Photosynthesis,Potential_Canopy_Temp,Actual_Canopy_Temp,potential_evap_daily,Actual_Daily_Evaporation,Potential_Canopy_Transpiration,Actual_Canopy_Transpiration,Plant_Height,available_soluble_N,Root_Depth,average_soil_temperature,Current_Soil_Moisture_Top_Layer
2023.0,110.0,0.02,0.052,0.57,1.577,1.577,0.000,0.857,0.000,0.000,0.757,0.092,0.000,0.000,0.051,0.013,0.101,0.077,0.168,0.34887,0.53337,2.19080,6.09510,2.58858,2.58858,0.00015,0.00015,0.001,0.037,5.000,15.015,0.2960, 
2023.0,111.0,0.03,0.061,1.17,1.577,1.785,0.000,0.943,0.000,0.000,0.757,0.100,0.000,0.000,0.051,0.008,0.059,0.185,0.432,0.31591,0.57833,0.57489,5.64489,2.79486,2.79486,0.00554,0.00554,0.001,0.046,5.000,15.190,0.2949, 
2023.0,112.0,0.05,0.067,1.78,1.577,1.964,0.000,1.097,0.000,0.000,0.757,0.120,0.000,0.000,0.051,0.020,0.156,0.147,0.721,0.67641,0.85453,7.75793,10.16240,2.03577,2.03577,0.00001,0.00001,0.001,0.059,5.000,15.603,0.2936, 
2023.0,113.0,0.07,0.080,2.32,1.577,2.285,0.000,1.178,0.000,0.000,0.757,0.124,0.000,0.000,0.051,0.004,0.033,0.256,1.052,0.19386,0.63001,-4.94918,3.57407,2.48337,2.48337,0.00501,0.00501,0.001,0.089,5.000,15.342,0.2905, 
2023.0,114.0,0.09,0.084,2.98,1.577,2.455,0.000,1.336,0.001,0.000,0.757,0.138,0.000,0.000,0.051,0.014,0.107,0.135,1.332,0.51531,0.86264,3.03443,7.52621,3.50023,3.50023,0.02281,0.02281,0.001,0.138,5.000,15.842,0.2850, 
2023.0,115.0,0.11,0.093,3.69,1.577,2.786,0.000,1.479,0.002,0.000,0.757,0.146,0.000,0.000,0.051,0.009,0.069,0.215,1.679,0.11537,0.87488,-10.28852,5.34930,2.80365,2.80365,0.00480,0.00480,0.001,0.165,5.000,16.548,0.2829, 
2023.0,116.0,0.13,0.099,4.36,1.577,3.086,0.000,1.706,0.006,0.000,0.757,0.165,0.000,0.000,0.051,0.018,0.143,0.180,2.071,0.94906,1.23620,7.87383,10.47318,2.84924,2.84924,0.01844,0.01844,0.001,0.213,5.000,16.849,0.2790, 
2023.0,117.0,0.14,0.112,4.94,1.577,3.566,0.000,2.022,0.012,0.000,0.757,0.191,0.000,0.000,0.051,0.027,0.209,0.263,2.628,1.64830,1.73761,12.35510,13.12029,2.64150,2.64150,0.00001,0.00001,0.001,0.250,5.000,17.133,0.2758, 
2023.0,118.0,0.16,0.129,5.57,1.577,4.236,0.000,2.321,0.022,0.000,0.757,0.209,0.001,0.000,0.051,0.018,0.140,0.341,3.253,1.54483,1.76142,10.12409,11.56666,2.37356,2.37356,0.01306,0.01306,0.001,0.177,5.000,17.165,0.2837, 
2023.0,119.0,0.18,0.141,6.24,1.577,4.882,0.000,2.727,0.039,0.000,0.757,0.233,0.001,0.000,0.051,0.025,0.195,0.277,3.918,2.06466,2.21392,14.05839,15.10591,2.68435,2.68435,0.06524,0.06524,0.001,0.213,5.000,17.458,0.2795, 
2023.0,120.0,0.19,0.157,6.76,1.577,5.762,0.000,3.078,0.060,0.000,0.757,0.274,0.002,0.000,0.051,0.042,0.323,0.341,4.600,1.78327,2.04534,7.91416,9.60487,2.64456,2.64456,0.00261,0.00261,0.001,0.234,5.000,17.464,0.2782, 
2023.0,121.0,0.21,0.184,7.29,1.577,6.537,0.000,3.566,0.088,0.000,0.757,0.305,0.003,0.000,0.051,0.032,0.251,0.491,5.564,2.82663,2.85596,13.13807,13.36366,2.64973,2.64973,0.08292,0.08292,0.001,0.262,5.000,17.115,0.2752, 
2023.0,122.0,0.23,0.204,7.89,1.577,7.612,0.000,4.029,0.131,0.000,0.757,0.353,0.004,0.000,0.051,0.050,0.386,0.431,6.459,2.64261,2.75438,10.82290,11.53647,3.26859,3.26859,0.15342,0.15342,0.001,0.246,5.000,17.036,0.2702, 
2023.0,123.0,0.25,0.236,8.52,1.577,8.668,0.000,4.676,0.192,0.000,0.757,0.395,0.006,0.000,0.051,0.044,0.350,0.592,7.699,3.82442,3.83290,16.41676,16.40429,3.16605,3.16605,0.26342,0.26342,0.002,0.243,5.000,17.068,0.2693, 
2023.0,124.0,0.26,0.263,9.08,1.577,10.141,0.000,5.478,0.263,0.000,0.757,0.459,0.008,0.000,0.051,0.066,0.516,0.571,9.071,4.57117,4.57184,16.78836,16.80608,2.65790,2.65790,0.25688,0.25688,0.002,0.236,5.000,16.926,0.2666, 
2023.0,125.0,0.28,0.303,9.58,1.577,11.960,0.000,6.134,0.344,0.000,0.757,0.536,0.011,0.000,0.051,0.079,0.615,0.766,10.513,4.12590,4.14625,11.07310,11.20295,0.86858,0.86858,0.03848,0.03848,0.003,0.231,5.000,16.085,0.2667, 
2023.0,126.0,0.29,0.351,10.16,1.577,13.496,0.000,6.971,0.460,0.000,0.757,0.595,0.014,0.000,0.051,0.063,0.499,0.908,12.295,5.27729,5.27792,14.05555,14.02706,1.61332,1.61332,0.28160,0.28160,0.003,0.206,5.000,15.619,0.2649, 
2023.0,127.0,0.31,0.388,10.70,1.577,15.483,0.000,7.997,0.595,0.000,0.757,0.677,0.019,0.000,0.051,0.086,0.671,0.817,14.174,6.11784,6.13192,14.00613,14.06059,1.43617,1.43617,0.26553,0.26553,0.004,0.195,5.000,15.452,0.2650, 
2023.0,128.0,0.33,0.438,11.45,1.577,17.899,0.000,9.153,0.817,0.000,0.757,0.773,0.026,0.000,0.051,0.103,0.807,1.025,16.463,7.33233,7.34385,20.14172,19.92309,2.49164,2.49164,0.65560,0.65560,0.006,0.179,5.000,16.067,0.2613, 
2023.0,129.0,0.35,0.495,12.15,1.577,20.771,0.000,10.491,1.084,0.000,0.757,0.884,0.034,0.000,0.051,0.119,0.935,1.206,19.140,8.56607,8.56279,19.76201,19.65845,1.98028,1.98028,0.67786,0.67786,0.007,0.187,5.000,16.371,0.2622, 
2023.0,130.0,0.37,0.560,12.73,1.577,24.115,0.000,11.755,1.359,0.000,0.757,1.013,0.042,0.000,0.051,0.138,1.076,1.385,21.936,8.52426,8.43771,16.56751,17.17795,2.05710,2.05710,0.74726,0.74726,0.009,0.202,5.000,16.303,0.2712, 
2023.0,131.0,0.38,0.634,13.37,1.577,27.320,0.000,13.641,1.716,0.000,0.757,1.132,0.054,0.000,0.051,0.130,1.033,1.594,25.586,12.42031,11.87525,21.36117,22.40494,1.81232,1.81232,0.96151,0.96151,0.011,0.176,5.000,17.036,0.2666, 
2023.0,132.0,0.40,0.702,13.98,1.577,31.994,0.000,15.490,2.120,0.000,0.757,1.301,0.066,0.000,0.051,0.181,1.416,1.593,29.245,11.88759,11.92080,18.26247,18.34227,1.16155,1.16155,0.75167,0.75167,0.014,0.181,5.000,16.540,0.2651, 
2023.0,133.0,0.42,0.793,14.58,1.577,36.688,0.000,17.472,2.580,0.000,0.757,1.441,0.081,0.000,0.051,0.154,1.220,2.060,33.817,13.70010,13.52573,17.94778,18.47111,1.41360,1.41360,1.01891,1.01891,0.016,0.154,5.000,16.252,0.2618, 
2023.0,134.0,0.44,0.869,15.15,1.577,41.775,0.000,19.755,3.089,0.000,0.757,1.566,0.097,0.000,0.051,0.142,1.132,1.919,39.344,15.79066,15.76660,18.22876,18.65403,1.05626,1.05626,0.92675,0.92675,0.019,0.142,5.000,15.970,0.2624, 
2023.0,135.0,0.46,0.936,15.93,1.577,47.593,0.000,20.705,3.887,0.000,0.757,1.665,0.121,0.000,0.051,0.123,0.968,1.868,45.266,14.87790,12.32775,26.01482,29.08979,1.60196,1.60196,1.42629,1.42629,0.024,0.123,5.000,17.549,0.2603, 
2023.0,136.0,0.47,0.989,16.42,1.577,51.233,0.000,21.760,4.480,0.000,0.757,1.791,0.140,0.000,0.051,0.145,1.131,1.754,53.443,14.09894,14.22193,15.41040,15.38471,0.51942,0.51942,0.61565,0.61565,0.028,0.145,5.000,15.990,0.2603, 
2023.0,137.0,0.49,1.054,17.05,1.577,54.668,0.000,23.767,5.321,0.000,0.757,1.879,0.166,0.000,0.051,0.114,0.927,1.988,62.691,19.77149,19.69154,19.53606,19.98688,1.09726,1.09726,1.25422,1.25422,0.033,0.114,5.000,15.992,0.2650, 
2023.0,138.0,0.51,1.192,17.62,1.577,60.601,0.000,24.706,6.194,0.000,0.757,1.953,0.194,0.000,0.051,0.101,0.801,1.797,71.126,14.98269,15.07582,15.63694,15.50849,0.67103,0.67103,0.92794,0.92794,0.038,0.101,5.000,14.952,0.2627, 
2023.0,139.0,0.52,1.256,18.23,1.577,64.375,0.000,25.841,7.223,0.000,0.757,1.992,0.226,0.000,0.051,0.072,0.592,1.702,82.632,19.50974,19.44218,19.49195,19.75950,0.90758,0.90758,1.32147,1.32147,0.044,0.072,5.000,14.843,0.2590, 
2023.0,140.0,0.54,1.334,18.80,1.577,68.884,0.000,26.798,8.305,0.000,0.757,2.022,0.260,0.000,0.051,0.064,0.528,1.491,95.266,20.31954,20.10752,20.39857,21.07060,0.64276,0.64276,1.27759,1.27759,0.051,0.064,5.000,14.913,0.2570, 
2023.0,141.0,0.56,1.400,19.54,1.577,73.130,0.000,26.865,9.830,0.000,0.757,2.033,0.307,0.000,0.051,0.059,0.480,1.421,109.680,20.42711,20.25307,20.60182,21.01575,1.07028,1.07028,1.56331,1.56331,0.060,0.059,5.000,15.424,0.2554, 
2023.0,142.0,0.58,1.405,20.25,1.577,76.448,0.000,26.865,11.226,0.000,0.757,2.048,0.351,0.000,0.051,0.058,0.471,1.377,125.344,20.85681,20.78464,20.76057,21.02506,1.12237,1.12237,1.53768,1.53768,0.069,0.058,5.000,15.783,0.2514, 
2023.0,143.0,0.60,1.405,20.90,1.577,79.357,0.000,26.865,12.365,0.000,0.757,2.071,0.386,0.000,0.051,0.059,0.472,1.376,140.784,19.70747,19.61559,20.14286,20.41042,0.82085,0.82085,1.38496,1.38496,0.077,0.059,5.000,15.575,0.2500, 
2023.0,144.0,0.62,1.405,21.47,1.577,81.730,0.000,26.865,13.463,0.000,0.757,2.088,0.421,0.000,0.051,0.051,0.409,1.393,156.183,19.39949,19.42463,18.10776,18.34548,0.60838,0.60838,1.07845,1.07845,0.086,0.051,5.000,15.055,0.2491, 
2023.0,145.0,0.63,1.405,22.02,1.577,84.017,0.000,26.865,14.466,0.000,0.757,2.096,0.452,0.000,0.051,0.039,0.320,1.340,171.624,19.11297,19.11999,17.68537,17.92284,0.62748,0.62748,1.13634,1.13634,0.093,0.039,5.000,14.536,0.2490, 
2023.0,146.0,0.65,1.405,22.55,1.577,86.107,0.000,26.865,15.138,0.000,0.757,2.103,0.473,0.000,0.051,0.028,0.227,1.256,186.930,17.68313,17.76877,15.75972,15.85351,0.30609,0.30609,0.59945,0.59945,0.099,0.028,5.000,14.041,0.2482, 
2023.0,147.0,0.66,1.405,23.05,1.577,87.507,0.000,26.865,15.608,0.000,0.757,2.107,0.488,0.000,0.051,0.019,0.153,1.166,202.211,16.92406,17.00556,16.91525,16.92521,0.49137,0.49137,0.92617,0.92617,0.104,0.019,5.000,13.290,0.2480, 
2023.0,148.0,0.68,1.405,23.75,1.577,88.487,0.000,26.865,16.298,0.000,0.757,2.089,0.509,0.000,0.050,0.003,0.038,1.094,217.823,18.33495,18.13998,21.22697,21.24185,1.21059,1.21059,1.73732,1.73732,0.117,0.003,5.000,13.589,0.2434, 
2023.0,149.0,0.70,1.405,24.40,1.577,89.923,0.000,26.865,17.334,0.000,0.757,2.064,0.542,0.000,0.049,0.007,0.075,0.963,233.972,20.01356,19.94663,22.08887,22.30411,0.90232,0.90232,1.49263,1.49263,0.125,0.007,5.000,14.118,0.2433, 
2023.0,150.0,0.72,1.405,24.93,1.577,92.081,0.000,26.865,18.046,0.000,0.757,2.053,0.564,0.000,0.049,0.011,0.102,0.976,249.756,18.34903,18.39479,17.06133,17.18625,0.54511,0.54511,0.98017,0.98017,0.132,0.011,5.000,13.648,0.2411, 
2023.0,151.0,0.73,1.405,25.54,1.577,93.564,0.000,26.865,19.095,0.000,0.757,2.023,0.597,0.000,0.048,0.002,0.038,0.993,265.763,20.53950,19.85557,21.39087,22.45314,1.00703,1.00703,1.65831,1.65831,0.146,0.002,5.000,14.124,0.2384, 
2023.0,152.0,0.75,1.405,26.09,1.577,95.751,0.000,26.865,20.233,0.000,0.757,1.995,0.632,0.000,0.047,0.006,0.075,0.902,281.971,20.36889,20.38108,18.32665,18.58110,0.75961,0.75961,1.14226,1.14226,0.155,0.006,5.000,14.106,0.2368, 
2023.0,153.0,0.76,1.405,26.44,1.577,98.122,0.000,26.865,20.733,0.000,0.757,1.985,0.648,0.000,0.047,0.005,0.050,0.913,297.501,17.28111,17.36170,13.99452,14.26017,0.43287,0.43287,0.76706,0.76706,0.159,0.005,5.000,12.959,0.2360, 
2023.0,154.0,0.78,1.405,26.99,1.577,99.162,0.000,26.865,21.481,0.000,0.757,1.962,0.671,0.000,0.046,0.000,0.018,0.877,313.255,18.41469,18.49749,17.08122,17.39071,0.37449,0.37449,0.82086,0.82086,0.176,0.000,5.000,13.046,0.2408, 
2023.0,155.0,0.80,1.405,27.66,1.577,100.722,0.000,26.865,21.942,0.000,0.757,1.948,0.686,0.000,0.045,0.000,0.011,0.825,328.803,17.26896,17.23890,20.08615,20.00496,0.90939,0.90939,1.52009,1.52009,0.180,0.000,5.000,13.135,0.2386, 
2023.0,156.0,0.81,1.405,28.26,1.577,101.682,0.000,26.865,21.942,0.000,0.757,1.948,0.686,0.000,0.045,0.000,0.000,0.806,342.776,13.88172,13.97326,16.44189,16.03445,0.39584,0.39584,1.06343,1.06343,0.180,0.000,5.000,12.303,0.2361, 
2023.0,157.0,0.83,1.405,28.87,1.577,101.682,0.000,26.865,22.606,0.000,0.757,1.928,0.706,0.000,0.045,0.000,0.016,0.794,358.479,18.20759,18.13616,17.98642,18.17975,0.96458,0.96458,1.46070,1.46070,0.202,0.000,5.000,12.512,0.2321, 
2023.0,158.0,0.84,1.405,29.25,1.577,103.065,0.000,26.865,22.606,0.000,0.757,1.928,0.706,0.000,0.045,0.000,0.000,0.792,370.735,12.15155,12.25639,11.18075,11.21929,0.02792,0.02792,0.18097,0.18097,0.202,0.000,5.000,11.485,0.2324, 
2023.0,159.0,0.86,1.405,29.95,1.577,103.065,0.000,26.865,23.145,0.000,0.757,1.912,0.723,0.000,0.044,0.000,0.013,0.776,386.305,17.59645,17.54466,19.63115,19.68316,1.56517,1.56517,1.77449,1.77449,0.229,0.000,5.000,12.091,0.2272, 
2023.0,160.0,0.88,1.405,30.54,1.577,104.187,0.000,26.865,24.076,0.000,0.757,1.884,0.752,0.000,0.043,0.000,0.023,0.774,402.233,19.69539,19.34268,20.12516,21.00032,0.81838,0.81838,1.44205,1.44205,0.234,0.000,5.000,12.881,0.2235, 
2023.0,161.0,0.89,1.405,30.89,1.577,106.127,0.000,26.865,24.385,0.000,0.757,1.875,0.762,0.000,0.043,0.000,0.007,0.758,417.574,16.56652,16.47272,12.85489,12.73714,0.42024,0.42024,0.72605,0.72605,0.239,0.000,5.000,12.352,0.2219, 
2023.0,162.0,0.90,1.405,31.44,1.577,106.770,0.000,26.865,25.311,0.000,0.757,1.847,0.791,0.000,0.042,0.000,0.022,0.735,433.458,19.27268,19.27983,18.09709,18.35154,0.80170,0.80170,1.17696,1.17696,0.262,0.000,5.000,12.742,0.2209, 
2023.0,163.0,0.92,1.405,32.11,1.577,108.700,0.000,26.865,26.439,0.000,0.757,1.813,0.826,0.000,0.040,0.000,0.027,0.724,449.516,20.58062,20.19522,22.47607,23.23061,1.04657,1.04657,1.62214,1.62214,0.270,0.000,5.000,13.829,0.2226, 
2023.0,164.0,0.94,1.405,32.78,1.577,111.050,0.000,26.865,27.252,0.000,0.757,1.788,0.852,0.000,0.039,0.000,0.020,0.698,465.259,18.72395,18.72243,20.54512,20.59996,1.15775,1.15775,1.56774,1.56774,0.287,0.000,5.000,14.111,0.2183, 
2023.0,165.0,0.96,1.405,33.35,1.577,112.743,0.000,26.865,27.830,0.000,0.757,1.771,0.870,0.000,0.039,0.000,0.014,0.668,480.757,17.53774,17.61904,17.42636,17.62762,0.31310,0.31310,0.74464,0.74464,0.292,0.000,5.000,13.961,0.2203, 
2023.0,166.0,0.98,1.405,34.06,1.577,113.948,0.000,26.865,28.604,0.000,0.757,1.748,0.894,0.000,0.038,0.000,0.019,0.647,496.414,18.50913,18.49382,20.84001,20.91262,0.92293,0.92293,1.51353,1.51353,0.320,0.000,5.000,14.379,0.2165, 
2023.0,167.0,1.00,1.405,34.71,1.577,115.560,0.000,26.865,29.487,0.000,0.757,1.721,0.921,0.000,0.037,0.000,0.021,0.630,512.153,18.99987,18.97660,20.23729,20.33605,1.14943,1.14943,1.55449,1.55449,0.325,0.000,5.000,14.474,0.2123, 
2023.0,168.0,1.01,1.405,35.17,1.577,117.400,0.000,26.865,30.397,0.000,0.757,1.694,0.950,0.000,0.036,0.000,0.022,0.608,527.896,19.07016,19.08105,17.18645,17.36105,0.74008,0.74008,0.99115,0.99115,0.344,0.000,5.000,14.001,0.2099, 
2023.0,169.0,1.04,1.405,35.82,1.577,119.296,0.000,26.865,30.437,0.018,0.757,1.691,0.951,0.002,0.036,0.000,0.001,0.584,542.833,15.74632,15.14824,18.73109,19.22284,0.67190,0.67190,1.48966,1.48966,0.345,0.000,5.000,13.376,0.2065, 
2023.0,170.0,1.06,1.405,36.21,1.577,119.417,0.000,26.865,34.080,0.051,0.757,1.578,1.065,0.005,0.032,0.000,0.089,0.562,546.764,17.37209,17.41028,14.90012,15.02818,0.44844,0.44844,0.72516,0.72516,0.366,0.000,5.000,12.590,0.2057, 
2023.0,171.0,1.09,1.405,36.96,1.577,127.077,0.000,26.865,38.071,0.050,0.757,1.457,1.190,0.005,0.027,0.000,0.097,0.548,551.039,19.16793,18.90335,22.65797,23.05768,1.27393,1.27393,1.80878,1.80878,0.405,0.000,5.000,13.775,0.2018, 
2023.0,172.0,1.12,1.405,37.57,1.577,135.389,0.000,26.865,42.241,0.011,0.757,1.335,1.320,0.001,0.023,0.000,0.100,0.446,555.344,19.43838,19.45480,18.82350,18.98388,0.69763,0.69763,1.10336,1.10336,0.421,0.000,5.000,14.012,0.2002, 
2023.0,173.0,1.14,1.405,38.08,1.577,143.995,0.000,26.865,46.068,-0.061,0.757,1.227,1.440,-0.006,0.019,0.000,0.091,0.336,559.190,17.63388,17.61585,17.00836,17.20451,0.88821,0.88821,1.29487,1.29487,0.437,0.000,5.000,13.550,0.2048, 
2023.0,174.0,1.17,1.405,38.78,1.577,151.815,0.000,26.865,50.488,-0.210,0.757,1.108,1.578,-0.021,0.015,0.000,0.103,0.224,563.377,19.87347,19.84255,20.88256,21.12668,0.77796,0.77796,1.35491,1.35491,0.453,0.000,5.000,14.336,0.2018, 
2023.0,175.0,1.20,1.405,39.44,1.577,160.704,0.000,26.865,54.802,-0.394,0.757,0.995,1.713,-0.039,0.010,0.000,0.100,0.119,567.340,19.09674,19.10948,19.43878,19.54686,0.79884,0.79884,1.28582,1.28582,0.456,0.000,5.000,14.547,0.2086, 
2023.0,176.0,1.22,1.405,39.95,1.577,169.302,0.000,26.865,58.640,-0.568,0.757,0.923,1.833,-0.084,0.008,0.000,0.089,0.100,570.847,16.93616,16.94333,16.66706,16.71024,0.78593,0.78593,1.25354,1.25354,0.456,0.000,5.000,13.629,0.2087, 
2023.0,177.0,1.25,1.405,40.57,1.577,176.928,0.023,26.865,62.365,-0.815,0.746,0.948,1.833,-0.109,0.008,0.000,0.084,0.089,574.157,16.06903,16.06085,19.47384,19.42687,1.10891,1.10891,1.62808,1.62808,0.456,0.000,5.000,13.035,0.2067, 
2023.0,178.0,1.28,1.405,41.26,1.554,184.162,0.022,26.865,67.166,-1.121,0.735,0.923,1.983,-0.235,0.008,0.000,0.109,0.084,578.390,20.87539,20.71356,22.57764,22.95360,1.15559,1.15559,1.65098,1.65098,0.456,0.000,5.000,14.102,0.2030, 
2023.0,179.0,1.30,1.405,41.88,1.532,193.513,0.022,26.865,71.732,-1.433,0.725,0.954,1.983,-0.265,0.008,0.000,0.103,0.109,582.441,19.68638,19.65041,19.49411,19.71285,1.10534,1.10534,1.48955,1.48955,0.456,0.000,5.000,14.347,0.2033, 
2023.0,180.0,1.32,1.405,42.36,1.510,202.362,0.021,26.865,75.230,-1.696,0.715,0.923,2.092,-0.344,0.007,0.000,0.078,0.103,585.543,14.90813,14.96092,13.38754,13.41836,0.27417,0.27417,0.77401,0.77401,0.456,0.000,5.000,13.111,0.2021, 
2023.0,181.0,1.35,1.405,43.05,1.489,209.089,0.021,31.030,75.326,-2.100,0.705,0.963,2.092,-0.384,0.007,0.000,0.093,0.078,589.176,17.71621,17.77914,22.09267,22.07300,1.30012,1.29756,1.69955,1.69955,0.456,0.000,5.000,13.594,0.1983, 
2023.0,182.0,1.37,1.691,43.55,1.469,217.108,0.020,31.030,75.326,-2.421,0.695,0.966,2.092,-0.415,0.007,0.000,0.094,0.093,588.998,17.86062,17.88430,16.62038,16.73479,0.43013,0.43013,0.87792,0.87792,0.456,0.000,5.000,13.196,0.2005, 
2023.0,183.0,1.39,1.691,44.00,1.449,228.243,0.019,31.030,75.326,-2.715,0.686,0.966,2.092,-0.444,0.007,0.000,0.099,0.094,588.844,18.83831,18.84861,16.73995,16.90208,0.36685,0.36685,0.80472,0.80472,0.456,0.000,5.000,13.005,0.1996, 
2023.0,184.0,1.43,1.691,44.75,1.429,239.952,0.019,31.030,75.326,-3.212,0.677,0.986,2.092,-0.493,0.007,0.000,0.091,0.099,588.509,17.23669,17.32694,19.38869,19.49876,0.22652,0.22652,0.78720,0.78720,0.456,0.000,5.000,13.884,0.1986, 
2023.0,185.0,1.45,1.691,45.28,1.410,250.863,0.018,31.030,75.326,-3.579,0.668,0.992,2.092,-0.529,0.007,0.000,0.091,0.091,588.279,17.25587,17.28019,18.13218,18.19568,0.41294,0.41294,1.07364,1.07364,0.456,0.000,5.000,13.319,0.1968, 
2023.0,186.0,1.47,1.691,45.79,1.392,261.664,0.018,31.030,75.326,-3.929,0.659,0.997,2.092,-0.563,0.007,0.000,0.073,0.091,588.064,13.79432,13.87999,16.42366,16.34452,0.37639,0.37639,0.96305,0.96305,0.456,0.000,5.000,12.279,0.1946, 
2023.0,187.0,1.49,1.691,46.18,1.374,270.365,0.018,31.030,75.326,-4.200,0.651,0.994,2.092,-0.590,0.007,0.000,0.092,0.073,587.897,17.44560,17.47587,14.36891,14.46598,0.38174,0.38174,0.63566,0.63566,0.456,0.000,5.000,11.890,0.1939, 
2023.0,188.0,1.51,1.691,46.77,1.356,281.236,0.017,31.030,75.326,-4.607,0.643,1.004,2.092,-0.630,0.007,0.000,0.085,0.092,587.628,16.24721,16.25421,15.94544,15.95594,0.73340,0.73340,1.31719,1.31719,0.456,0.000,5.000,11.597,0.1963, 
2023.0,189.0,1.54,1.691,47.42,1.339,291.436,0.017,31.030,75.326,-5.066,0.635,1.019,2.092,-0.675,0.007,0.000,0.091,0.085,587.303,19.53898,17.29974,23.90562,26.41950,0.73738,0.73738,1.80658,1.80658,0.456,0.000,5.000,12.895,0.1929, 
2023.0,190.0,1.57,1.691,48.09,1.322,302.320,0.016,31.030,75.326,-5.529,0.627,1.034,2.092,-0.721,0.007,0.000,0.104,0.091,586.980,19.83700,19.78001,19.92316,20.15029,0.99561,0.99561,1.67059,1.67059,0.456,0.000,5.000,13.386,0.1902, 
2023.0,191.0,1.59,1.691,48.56,1.306,314.726,0.016,31.030,75.326,-5.849,0.619,1.003,2.258,-0.887,0.006,0.000,0.088,0.104,586.804,16.65718,16.69876,17.46346,17.44964,0.78292,0.78292,1.32491,1.32491,0.456,0.000,5.000,12.252,0.1886, 
2023.0,192.0,1.61,1.691,49.05,1.290,325.131,0.015,31.030,75.326,-6.176,0.612,1.005,2.258,-0.919,0.006,0.000,0.101,0.088,586.600,19.06292,19.11377,15.49790,15.62914,0.29837,0.29837,0.62326,0.62326,0.456,0.000,5.000,12.269,0.1899, 
2023.0,193.0,1.64,1.691,49.67,1.275,337.038,0.015,31.030,75.326,-6.588,0.605,1.015,2.258,-0.960,0.006,0.000,0.105,0.101,586.333,19.90260,19.88098,20.02654,20.10289,0.95324,0.95324,1.63101,1.63101,0.456,0.000,5.000,12.614,0.1866, 
2023.0,194.0,1.67,1.691,50.32,1.260,349.465,0.015,31.030,75.326,-7.008,0.598,1.026,2.258,-1.001,0.006,0.000,0.112,0.105,586.063,21.31583,21.20757,20.41213,20.82204,0.62331,0.62331,1.47396,1.47396,0.456,0.000,5.000,13.280,0.1877, 
2023.0,195.0,1.69,1.691,50.88,1.245,362.710,0.014,31.030,75.326,-7.353,0.591,1.030,2.258,-1.035,0.006,0.000,0.109,0.112,585.868,20.82195,20.81024,18.75093,18.93273,0.64246,0.64246,1.32680,1.32680,0.456,0.000,5.000,13.240,0.1857, 
2023.0,196.0,1.71,1.691,51.38,1.231,375.655,0.014,31.030,75.326,-7.651,0.584,1.028,2.258,-1.065,0.006,0.000,0.104,0.109,585.714,19.86046,19.80579,18.27928,18.47410,0.97912,0.97912,1.61188,1.61188,0.456,0.000,5.000,12.774,0.1818, 
2023.0,197.0,1.74,1.691,52.03,1.216,387.953,0.014,31.030,75.326,-8.021,0.577,1.034,2.258,-1.101,0.006,0.000,0.106,0.104,585.487,20.06578,20.09402,17.90953,17.97370,0.61446,0.61446,1.23332,1.23332,0.456,0.000,5.000,13.165,0.1795, 
2023.0,198.0,1.77,1.691,52.66,1.203,400.481,0.013,31.030,75.326,-8.360,0.571,1.036,2.258,-1.134,0.006,0.000,0.101,0.106,585.289,19.34902,19.26773,19.94057,19.99346,0.71937,0.71937,1.68736,1.68736,0.456,0.000,5.000,13.008,0.1768, 
2023.0,199.0,1.79,1.691,53.25,1.189,412.480,0.013,31.030,75.326,-8.649,0.565,1.033,2.258,-1.163,0.006,0.000,0.110,0.101,585.132,21.09850,21.01055,19.89327,20.10351,0.82895,0.82895,1.66737,1.66737,0.456,0.000,5.000,13.047,0.1741, 
2023.0,200.0,1.82,1.691,53.81,1.176,425.518,0.013,31.030,75.326,-8.903,0.558,1.027,2.258,-1.188,0.006,0.000,0.113,0.110,585.017,21.48296,21.52371,17.17158,17.31623,0.52502,0.52502,0.95873,0.95873,0.456,0.000,5.000,13.244,0.1720, 
2023.0,201.0,1.84,1.691,54.30,1.163,438.842,0.013,31.030,75.326,-9.108,0.552,1.017,2.258,-1.208,0.006,0.000,0.108,0.113,584.950,20.46348,20.49995,16.63009,16.73257,0.39416,0.39416,0.90799,0.90799,0.456,0.000,5.000,12.915,0.1720, 
2023.0,202.0,1.87,1.691,54.94,1.151,451.500,0.012,31.030,75.326,-9.348,0.546,1.010,2.258,-1.232,0.006,0.000,0.110,0.108,584.843,20.92811,20.86902,20.05561,20.16326,0.90052,0.90052,1.75770,1.75770,0.456,0.000,5.000,13.111,0.1683, 
2023.0,203.0,1.90,1.691,55.58,1.138,464.415,0.012,31.030,75.326,-9.552,0.541,0.999,2.258,-1.252,0.006,0.000,0.117,0.110,584.772,22.15267,22.16313,20.47691,20.57047,0.69561,0.69561,1.38448,1.38448,0.456,0.000,5.000,13.608,0.1691, 
2023.0,204.0,1.92,1.691,56.24,1.126,478.098,0.012,31.030,75.326,-9.724,0.535,0.986,2.258,-1.269,0.006,0.000,0.098,0.117,584.736,18.79724,18.66131,21.67676,21.67761,0.97307,0.96453,1.94767,1.94767,0.456,0.000,5.000,13.309,0.1657, 
2023.0,205.0,1.95,1.691,56.80,1.114,489.604,0.012,31.030,75.326,-9.834,0.529,0.968,2.258,-1.279,0.006,0.000,0.100,0.098,584.738,18.93733,18.96915,16.36386,16.37903,0.69940,0.69940,1.26927,1.26927,0.456,0.000,5.000,12.922,0.1654, 
2023.0,206.0,1.97,1.691,57.41,1.103,501.268,0.011,31.030,75.326,-9.916,0.524,0.947,2.258,-1.287,0.005,0.000,0.115,0.100,584.766,22.22817,21.85392,22.75965,23.24336,0.69478,0.69478,1.76466,1.76466,0.456,0.000,5.000,13.474,0.1616, 
2023.0,207.0,2.00,1.691,58.05,1.091,514.685,0.011,31.030,75.326,-9.960,0.519,0.923,2.258,-1.292,0.005,0.000,0.119,0.115,584.846,22.73891,22.67504,21.88525,22.05752,0.89288,0.89288,1.73122,1.73122,0.456,0.000,5.000,13.929,0.1618, 
2023.0,208.0,2.03,1.691,58.67,1.080,528.569,0.011,31.030,75.326,-9.960,0.513,0.895,2.258,-1.292,0.005,0.000,0.115,0.119,584.970,21.92224,21.90724,20.13803,20.21261,0.95506,0.95240,1.71214,1.71214,0.456,0.000,5.000,13.912,0.1591, 
2023.0,209.0,2.06,1.691,59.38,1.070,541.949,0.011,31.030,75.326,-9.960,0.508,0.868,2.258,-1.292,0.005,0.000,0.125,0.115,585.090,23.87251,23.78164,23.93060,24.13520,0.92920,0.92920,1.80256,1.80256,0.456,0.000,5.000,14.902,0.1548, 
2023.0,210.0,2.09,1.691,59.96,1.059,556.484,0.010,31.030,75.326,-9.960,0.503,0.842,2.258,-1.292,0.005,0.000,0.122,0.125,585.220,23.08491,23.13665,18.04249,18.34513,0.49277,0.49277,1.06213,1.06213,0.456,0.000,5.000,14.811,0.1562, 
2023.0,211.0,2.11,1.691,60.56,1.048,570.616,0.010,31.030,75.326,-9.960,0.498,0.817,2.430,-1.292,0.005,0.000,0.099,0.122,585.346,18.73009,18.80096,16.69669,16.69777,0.47189,0.47189,1.17194,1.17194,0.456,0.000,5.000,14.185,0.1538, 
2023.0,212.0,2.13,1.691,61.07,1.038,582.087,0.010,31.030,75.326,-9.960,0.493,0.792,2.430,-1.292,0.005,0.000,0.116,0.099,585.447,21.97464,22.02913,17.46719,17.59742,0.36988,0.36988,0.84992,0.84992,0.456,0.000,5.000,13.787,0.1532, 
2023.0,213.0,2.17,1.691,61.86,1.028,595.556,0.010,31.030,75.326,-9.960,0.489,0.769,2.430,-1.292,0.005,0.000,0.098,0.116,585.567,18.76566,18.62485,26.67719,26.76996,2.16961,2.06779,2.26354,2.26354,0.456,0.000,5.000,14.734,0.1466, 
2023.0,214.0,2.20,1.691,62.57,1.018,606.923,0.010,31.030,75.326,-9.960,0.484,0.745,2.430,-1.292,0.005,0.000,0.122,0.098,585.667,23.29232,23.13438,21.62945,21.83256,1.10565,1.09012,2.06814,2.06814,0.456,0.000,5.000,14.978,0.1425, 
2023.0,215.0,2.22,1.691,63.06,1.009,621.072,0.009,31.030,75.326,-9.960,0.480,0.723,2.430,-1.292,0.005,0.000,0.114,0.122,585.792,21.65842,21.71010,15.30584,15.41210,0.47972,0.47972,0.87981,0.87981,0.456,0.000,5.000,14.261,0.1432, 
2023.0,216.0,2.25,1.691,63.68,0.999,634.330,0.009,31.030,75.326,-9.960,0.475,0.701,2.430,-1.292,0.005,0.000,0.111,0.114,585.909,21.30082,21.19950,21.75246,21.81410,1.22809,1.19480,2.09872,2.09872,0.456,0.000,5.000,14.001,0.1387, 
2023.0,217.0,2.27,1.691,64.27,0.990,647.280,0.009,31.030,75.326,-9.960,0.471,0.680,2.430,-1.292,0.005,0.000,0.123,0.111,586.023,23.39503,23.45128,18.43028,18.56714,0.41618,0.41618,0.90917,0.90917,0.456,0.000,5.000,14.125,0.1393, 
2023.0,218.0,2.30,1.691,64.86,0.981,661.615,0.009,31.030,75.326,-9.960,0.466,0.660,2.430,-1.292,0.005,0.000,0.116,0.123,586.150,22.54945,22.13741,20.67568,21.08496,1.17750,1.16355,2.11654,2.11654,0.456,0.000,5.000,13.866,0.1376, 
2023.0,219.0,2.33,1.691,65.62,0.972,675.135,0.009,31.030,75.326,-9.960,0.462,0.640,2.430,-1.292,0.005,0.000,0.100,0.116,586.269,18.91733,19.04959,23.66680,23.58610,1.42724,1.36474,2.00028,2.00028,0.456,0.000,5.000,14.465,0.1368, 
2023.0,220.0,2.36,1.691,66.29,0.963,686.763,0.009,31.030,75.326,-9.960,0.458,0.621,2.430,-1.292,0.005,0.000,0.122,0.100,586.371,23.94445,23.17234,22.11463,23.19338,0.50749,0.50749,1.65904,1.65904,0.456,0.000,5.000,15.476,0.1400, 
2023.0,221.0,2.38,1.691,66.72,0.954,700.934,0.008,31.030,75.326,-9.960,0.454,0.602,2.430,-1.292,0.005,0.000,0.098,0.122,586.495,18.54962,18.57049,12.91894,12.93296,0.53174,0.53174,1.16567,1.16567,0.456,0.000,5.000,13.638,0.1372, 
2023.0,222.0,2.40,1.691,67.32,0.946,712.265,0.008,31.030,75.326,-9.960,0.450,0.584,2.430,-1.292,0.005,0.000,0.101,0.098,586.595,18.57847,19.17133,18.37028,19.81318,0.19251,0.19251,1.06701,1.06701,0.456,0.000,5.000,13.302,0.1358, 
2023.0,223.0,2.43,1.691,67.87,0.937,723.980,0.008,31.030,75.326,-9.960,0.446,0.567,2.430,-1.292,0.005,0.000,0.121,0.101,586.697,22.86736,22.91088,17.04596,17.11623,0.55866,0.55866,1.11668,1.11668,0.456,0.000,5.000,13.187,0.1423, 
2023.0,224.0,2.45,1.691,68.47,0.929,737.990,0.008,31.030,75.326,-9.960,0.442,0.550,2.430,-1.292,0.005,0.000,0.112,0.121,586.820,21.31333,21.30022,20.04638,20.01644,1.29220,1.25072,2.10732,2.10732,0.456,0.000,5.000,12.868,0.1375, 
2023.0,225.0,2.48,1.691,69.14,0.921,750.998,0.008,31.030,75.326,-9.960,0.438,0.533,2.430,-1.292,0.005,0.000,0.118,0.112,586.934,22.35074,22.34585,21.15824,21.14260,0.95582,0.94490,2.00387,2.00387,0.456,0.000,5.000,13.207,0.1342, 
2023.0,226.0,2.51,1.691,69.66,0.913,764.654,0.008,31.030,75.326,-9.960,0.435,0.517,2.430,-1.292,0.005,0.000,0.119,0.118,587.053,22.57173,22.65702,16.24292,16.38497,0.39066,0.39066,0.93611,0.93611,0.456,0.000,5.000,13.000,0.1333, 
2023.0,227.0,2.53,1.691,70.25,0.905,778.498,0.008,31.030,75.326,-9.960,0.431,0.502,2.430,-1.292,0.004,0.000,0.115,0.119,587.174,21.83420,21.79224,19.79696,19.79159,1.44508,1.37212,2.21744,2.21744,0.456,0.000,5.000,12.629,0.1310, 
2023.0,228.0,2.56,1.691,70.91,0.898,791.809,0.008,31.030,75.326,-9.960,0.427,0.487,2.430,-1.292,0.004,0.000,0.119,0.115,587.291,22.96356,22.68063,19.77658,19.87564,0.74947,0.74947,2.03509,2.03509,0.456,0.000,5.000,12.749,0.1319, 
2023.0,229.0,2.59,1.691,71.62,0.890,805.670,0.007,31.030,75.326,-9.960,0.424,0.472,2.430,-1.292,0.004,0.000,0.132,0.119,587.412,25.22438,25.18537,20.94910,21.01158,1.54434,1.44696,2.28146,2.28146,0.456,0.000,5.000,13.528,0.1278, 
2023.0,230.0,2.62,1.691,72.27,0.883,821.065,0.007,31.030,75.326,-9.960,0.420,0.458,2.430,-1.292,0.004,0.000,0.112,0.132,587.546,21.14304,21.30575,18.40455,18.41543,0.39200,0.39200,0.97888,0.97888,0.456,0.000,5.000,13.769,0.1280, 
2023.0,231.0,2.64,1.691,72.82,0.875,834.070,0.007,31.030,75.326,-9.960,0.417,0.444,2.430,-1.292,0.004,0.000,0.124,0.112,587.660,23.49858,23.52977,17.66687,17.73693,0.70868,0.70868,1.53218,1.53218,0.456,0.000,5.000,13.415,0.1274, 
2023.0,232.0,2.67,1.691,73.37,0.868,848.453,0.007,31.030,75.326,-9.960,0.413,0.431,2.430,-1.292,0.004,0.000,0.120,0.124,587.785,22.81216,22.89599,16.18116,16.26793,0.44967,0.44967,1.06357,1.06357,0.456,0.000,5.000,13.201,0.1260, 
2023.0,233.0,2.69,1.691,74.00,0.861,862.440,0.007,31.030,75.326,-9.960,0.410,0.418,2.430,-1.292,0.004,0.000,0.113,0.120,587.907,21.47385,21.53830,16.66481,16.61469,0.50667,0.50667,1.48964,1.48964,0.456,0.000,5.000,12.926,0.1227, 
2023.0,234.0,2.73,1.691,74.74,0.854,875.595,0.007,31.030,75.326,-9.960,0.407,0.405,2.430,-1.292,0.004,0.000,0.123,0.113,588.022,23.42372,23.46009,21.59258,21.55714,1.38915,1.27596,2.26019,2.26019,0.456,0.000,5.000,13.674,0.1181, 
2023.0,235.0,2.75,1.691,75.41,0.848,889.935,0.007,31.030,75.326,-9.960,0.404,0.393,2.430,-1.292,0.004,0.000,0.105,0.123,588.146,19.96953,20.06094,20.55350,20.47424,1.81704,1.54388,2.17892,2.17892,0.456,0.000,5.000,13.473,0.1248, 
2023.0,236.0,2.77,1.691,75.87,0.841,902.181,0.007,31.030,75.326,-9.960,0.400,0.381,2.430,-1.292,0.004,0.000,0.105,0.105,588.253,19.81891,19.88162,13.50217,13.49217,0.43427,0.43427,1.10564,1.10564,0.456,0.000,5.000,12.382,0.1244, 
2023.0,237.0,2.80,1.691,76.53,0.834,914.328,0.007,31.030,75.326,-9.960,0.397,0.370,2.430,-1.292,0.004,0.000,0.127,0.105,588.358,24.35397,24.20877,18.30160,18.38001,0.85078,0.84906,2.05794,2.05794,0.456,0.000,5.000,12.582,0.1200, 
2023.0,238.0,2.83,1.691,77.12,0.828,929.133,0.006,31.030,75.326,-9.960,0.394,0.359,2.430,-1.292,0.004,0.000,0.124,0.127,588.487,23.39948,23.49247,17.15562,17.17586,0.52853,0.52853,1.00651,1.00651,0.456,0.000,5.000,12.839,0.1211, 
2023.0,239.0,2.86,1.691,77.79,0.821,943.484,0.006,31.030,75.326,-9.960,0.391,0.348,2.430,-1.292,0.004,0.000,0.120,0.124,588.612,22.91109,22.88122,18.39430,18.31361,1.17272,1.12073,2.25198,2.25198,0.456,0.000,5.000,12.653,0.1165, 
2023.0,240.0,2.88,1.691,78.34,0.815,957.462,0.006,31.030,75.326,-9.960,0.388,0.338,2.430,-1.292,0.004,0.000,0.119,0.120,588.733,22.73171,22.71620,15.53816,15.64433,0.40220,0.40220,1.50250,1.50250,0.456,0.000,5.000,12.096,0.1210, 
2023.0,241.0,2.91,1.691,78.91,0.809,971.341,0.006,31.030,75.326,-9.960,0.385,0.328,2.430,-1.292,0.004,0.000,0.135,0.119,588.854,25.55486,25.59407,18.40016,18.46545,0.86540,0.86540,1.64688,1.64688,0.456,0.000,5.000,12.392,0.1202, 
2023.0,242.0,2.93,1.691,79.42,0.803,986.988,0.006,31.030,75.326,-9.960,0.382,0.318,2.430,-1.292,0.004,0.000,0.119,0.135,588.990,22.56270,22.60786,14.45020,14.46730,0.69983,0.69983,1.27002,1.27002,0.456,0.000,5.000,12.049,0.1183, 
2023.0,243.0,2.96,1.691,80.14,0.797,1000.792,0.006,31.030,75.326,-9.960,0.380,0.308,2.430,-1.292,0.004,0.000,0.135,0.119,589.110,25.65579,25.62148,20.19118,20.18964,1.43888,1.25917,2.40779,2.40779,0.456,0.000,5.000,12.891,0.1252, 
2023.0,244.0,2.99,1.691,80.87,0.791,1016.456,0.006,31.030,75.326,-9.960,0.377,0.299,2.430,-1.292,0.004,0.000,0.128,0.135,589.246,24.18930,24.32972,22.48134,22.39385,1.10369,1.06947,2.17017,2.17017,0.456,0.000,5.000,13.709,0.1201, 
2023.0,245.0,3.01,1.691,81.40,0.785,1031.317,0.006,31.030,75.326,-9.960,0.374,0.290,2.430,-1.292,0.004,0.000,0.126,0.128,589.375,23.78099,23.88534,16.54617,16.57319,0.51694,0.51694,1.25991,1.25991,0.456,0.000,5.000,13.235,0.1185, 
2023.0,246.0,3.04,1.691,81.97,0.779,1045.909,0.006,31.030,75.326,-9.960,0.371,0.281,2.430,-1.292,0.004,0.000,0.123,0.126,589.502,23.35030,23.38658,15.63745,15.62125,0.84928,0.84125,1.68790,1.68790,0.456,0.000,5.000,12.754,0.1182, 
2023.0,247.0,3.07,1.691,82.65,0.773,1060.197,0.006,31.030,75.326,-9.960,0.369,0.273,2.430,-1.292,0.004,0.000,0.152,0.123,589.626,28.86449,28.81762,20.61560,20.89845,0.97500,0.97500,1.83205,1.83205,0.456,0.000,5.000,13.786,0.1138, 
2023.0,248.0,3.09,1.691,83.22,0.768,1077.822,0.006,31.030,75.326,-9.960,0.366,0.265,2.430,-1.292,0.004,0.000,0.133,0.152,589.779,25.32480,25.37197,17.73402,17.73988,1.13038,1.05445,1.76903,1.76903,0.456,0.000,5.000,13.532,0.1102, 
2023.0,249.0,3.12,1.691,83.92,0.762,1093.313,0.005,31.030,75.326,-9.960,0.363,0.257,2.430,-1.292,0.004,0.000,0.133,0.133,589.913,25.10740,25.36249,19.94788,19.80269,0.69128,0.69128,1.63728,1.63728,0.456,0.000,5.000,14.040,0.1064, 
2023.0,250.0,3.15,1.691,84.52,0.757,1108.809,0.005,31.030,75.326,-9.960,0.361,0.249,2.430,-1.292,0.004,0.000,0.128,0.133,590.047,24.27554,24.37922,19.40506,19.33737,1.11356,0.88817,2.02815,2.02815,0.456,0.000,5.000,13.821,0.1018, 
2023.0,251.0,3.18,1.691,85.12,0.752,1123.702,0.005,31.030,75.326,-9.960,0.358,0.242,2.430,-1.292,0.004,0.000,0.133,0.128,590.176,25.17099,25.34158,17.76699,17.77077,0.56396,0.56396,1.27245,1.27245,0.456,0.000,5.000,13.810,0.0991, 
2023.0,252.0,3.20,1.691,85.64,0.746,1139.188,0.005,31.030,75.326,-9.960,0.356,0.234,2.430,-1.292,0.004,0.000,0.123,0.133,590.311,23.67036,23.47400,15.59212,15.57867,1.38474,0.98594,2.05642,2.04239,0.456,0.000,5.000,12.953,0.0950, 
2023.0,253.0,3.23,1.691,86.32,0.741,1153.525,0.005,31.030,75.326,-9.960,0.353,0.227,2.430,-1.292,0.004,0.000,0.133,0.123,590.435,25.26460,25.29625,18.06591,17.94907,0.88157,0.65670,2.09915,2.09915,0.456,0.000,5.000,13.209,0.0906, 
2023.0,254.0,3.25,1.691,86.87,0.736,1168.987,0.005,31.030,75.326,-9.960,0.351,0.220,2.430,-1.292,0.004,0.000,0.124,0.133,590.569,23.47593,23.57468,15.26171,15.18825,0.93419,0.70480,1.66609,1.66609,0.456,0.000,5.000,12.804,0.0873, 
2023.0,255.0,3.27,1.691,87.31,0.731,1183.385,0.005,31.030,75.326,-9.960,0.348,0.214,2.430,-1.292,0.004,0.000,0.142,0.124,590.693,26.90326,26.96925,15.65503,15.72812,0.77334,0.58031,1.22019,1.22019,0.456,0.000,5.000,12.463,0.0858, 
2023.0,256.0,3.29,1.691,87.76,0.726,1199.875,0.005,31.030,75.326,-9.960,0.346,0.207,2.430,-1.292,0.004,0.000,0.131,0.142,590.836,24.86325,24.92527,13.65408,13.72036,0.77682,0.58971,1.40387,1.40387,0.456,0.000,5.000,12.057,0.0834, 
2023.0,257.0,3.31,1.691,88.34,0.721,1215.097,0.005,31.030,75.326,-9.960,0.344,0.201,2.430,-1.292,0.004,0.000,0.130,0.131,590.968,24.69742,24.78119,15.89249,15.79396,0.81532,0.52122,1.72092,1.72092,0.456,0.000,5.000,12.176,0.0800, 
2023.0,258.0,3.34,1.691,88.97,0.716,1230.238,0.005,31.030,75.326,-9.960,0.341,0.195,2.430,-1.292,0.004,0.000,0.136,0.130,591.099,26.32381,25.76693,18.25584,18.18192,0.86772,0.46762,1.81137,1.76548,0.456,0.000,5.000,12.849,0.0771, 
2023.0,259.0,3.37,1.691,89.67,0.711,1245.985,0.005,31.030,75.326,-9.960,0.339,0.189,2.430,-1.292,0.004,0.000,0.108,0.136,591.235,21.76182,20.63284,21.78136,24.16865,0.63408,0.36062,1.62918,1.62918,0.456,0.000,5.000,15.018,0.0747, 
2023.0,260.0,3.40,1.691,90.40,0.706,1258.575,0.005,31.030,75.326,-9.960,0.337,0.184,2.430,-1.292,0.004,0.000,0.081,0.108,591.344,26.52187,15.50798,22.87736,23.48855,1.78184,0.48472,2.58969,1.46555,0.456,0.000,5.000,15.878,0.0750, 
2023.0,261.0,3.43,1.691,91.09,0.702,1268.034,0.005,31.030,75.326,-9.960,0.335,0.178,2.430,-1.292,0.003,0.000,0.110,0.081,591.426,27.62669,20.91656,20.21707,20.51872,1.12743,0.42830,1.99123,1.45894,0.456,0.000,5.000,16.085,0.0738, 
2023.0,262.0,3.47,1.691,91.83,0.697,1280.832,0.005,31.030,75.326,-9.960,0.332,0.173,2.430,-1.292,0.003,0.000,0.100,0.110,591.536,28.43490,19.04058,21.78235,23.02665,0.94747,0.32824,2.29174,1.67238,0.456,0.000,5.000,17.181,0.0725, 
2023.0,263.0,3.49,1.691,92.45,0.693,1292.460,0.004,31.030,75.326,-9.960,0.330,0.168,2.430,-1.292,0.003,0.000,0.154,0.100,591.637,28.86398,29.19143,17.95135,18.12176,0.55474,0.38788,0.91587,0.91587,0.456,0.000,5.000,16.951,0.0714, 
2023.0,264.0,3.51,1.691,92.94,0.688,1310.329,0.004,31.030,75.326,-9.960,0.328,0.163,2.430,-1.292,0.003,0.000,0.146,0.154,591.792,27.65602,27.81265,15.57523,15.64368,0.42623,0.38109,0.51942,0.51942,0.456,0.000,5.000,15.863,0.0713, 
2023.0,265.0,3.54,1.691,93.50,0.684,1327.318,0.004,31.030,75.326,-9.960,0.326,0.158,2.430,-1.292,0.003,0.000,0.112,0.146,591.938,24.56297,21.42819,14.49217,14.60859,0.94838,0.41632,1.45568,1.26281,0.456,0.000,5.000,15.250,0.0687, 
2023.0,266.0,3.56,1.691,94.12,0.679,1340.390,0.004,31.030,75.326,-9.960,0.324,0.153,2.430,-1.292,0.003,0.000,0.069,0.112,592.051,27.41630,13.14713,18.34264,19.21036,1.44311,0.34009,2.40908,1.13088,0.456,0.000,5.000,15.134,0.0673, 
2023.0,267.0,3.60,1.691,94.82,0.675,1348.396,0.004,31.030,75.326,-9.960,0.322,0.148,2.430,-1.292,0.003,0.000,0.058,0.069,592.120,28.07814,11.10900,20.67851,21.67279,1.80742,0.33621,2.72515,1.01830,0.456,0.000,5.000,15.660,0.0683, 
2023.0,268.0,3.62,1.691,95.37,0.671,1355.177,0.004,31.030,75.326,-9.960,0.320,0.144,2.430,-1.292,0.003,0.000,0.079,0.058,592.179,26.97750,14.97582,16.29213,17.06668,1.07144,0.30476,2.03018,1.12955,0.456,0.000,5.000,15.042,0.0689, 
2023.0,269.0,3.64,1.691,95.95,0.667,1364.340,0.004,31.030,75.326,-9.960,0.318,0.140,2.430,-1.292,0.003,0.000,0.086,0.079,592.258,28.68829,16.37455,18.27445,18.91424,1.26686,0.33570,2.10934,1.11164,0.456,0.000,5.000,14.955,0.0673, 
2023.0,270.0,3.67,1.691,96.55,0.662,1374.350,0.004,31.030,75.326,-9.960,0.316,0.135,2.430,-1.292,0.003,0.000,0.072,0.086,592.344,27.68030,13.77362,16.73095,17.52426,1.16473,0.29961,2.07548,1.03505,0.456,0.000,5.000,14.822,0.0658, 
2023.0,271.0,3.69,1.691,96.90,0.658,1382.757,0.004,31.030,75.326,-9.960,0.314,0.131,2.430,-1.292,0.003,0.000,0.124,0.072,592.417,23.25357,23.45452,10.84384,10.87908,0.37354,0.35249,0.30398,0.30398,0.456,0.000,5.000,13.602,0.0661, 
2023.0,272.0,3.71,1.691,97.55,0.654,1397.119,0.004,31.030,75.326,-9.960,0.312,0.127,2.430,-1.292,0.003,0.000,0.104,0.124,592.541,30.29786,19.87573,18.33941,18.84907,0.85622,0.27711,1.50433,0.89638,0.456,0.000,5.000,14.370,0.0673, 
2023.0,273.0,3.74,1.691,98.10,0.650,1409.252,0.004,31.030,75.326,-9.960,0.310,0.124,2.430,-1.292,0.003,0.000,0.056,0.104,592.646,26.98657,10.72332,15.97941,16.68975,1.70884,0.35986,2.34268,0.93081,0.456,0.000,5.000,13.908,0.0667, 
2023.0,274.0,3.77,1.691,98.75,0.646,1415.774,0.004,31.030,75.326,-9.960,0.308,0.120,2.430,-1.292,0.003,0.000,0.050,0.056,592.702,25.10483,9.53435,20.91130,26.73207,0.55819,0.18080,1.84948,1.17312,0.456,0.000,5.000,15.404,0.0662, 
2023.0,275.0,3.79,1.691,99.28,0.642,1421.596,0.004,31.030,75.326,-9.960,0.306,0.116,2.430,-1.292,0.003,0.000,0.120,0.050,592.752,26.97418,22.80466,16.60827,16.78453,0.68462,0.31640,0.94701,0.69774,0.456,0.000,5.000,15.017,0.0671, 
2023.0,276.0,3.81,1.691,99.83,0.638,1435.573,0.004,31.030,75.326,-9.960,0.305,0.113,2.430,-1.292,0.003,0.000,0.067,0.120,592.873,28.41259,12.71350,16.19004,16.79374,1.51623,0.34042,2.14956,0.91067,0.456,0.000,5.000,14.647,0.0657, 
2023.0,277.0,3.83,1.691,100.32,0.635,1443.308,0.004,31.030,75.326,-9.960,0.303,0.109,2.430,-1.292,0.003,0.000,0.047,0.067,592.940,25.51626,8.86951,14.70964,15.34686,2.07098,0.37036,2.20445,0.74636,0.456,0.000,5.000,13.960,0.0642, 
2023.0,278.0,3.86,1.691,100.88,0.631,1448.716,0.004,31.030,75.326,-9.960,0.301,0.106,2.430,-1.292,0.003,0.000,0.039,0.047,592.986,25.76654,7.42963,15.90539,17.14134,1.98737,0.30400,2.50759,0.72308,0.456,0.000,5.000,13.866,0.0632, 
2023.0,279.0,3.89,1.691,101.58,0.627,1453.251,0.004,31.030,75.326,-9.960,0.299,0.103,2.430,-1.292,0.003,0.000,0.044,0.039,593.025,30.14462,8.36378,20.46817,21.64162,1.85309,0.25183,2.82172,0.72020,0.456,0.000,5.000,14.815,0.0629, 
2023.0,280.0,3.92,1.691,102.26,0.623,1458.364,0.004,31.030,75.326,-9.960,0.297,0.100,2.430,-1.292,0.003,0.000,0.055,0.044,593.069,30.77100,10.49419,17.95424,19.78664,0.93601,0.20234,1.92138,0.76359,0.456,0.000,5.000,15.823,0.0624, 
2023.0,281.0,3.94,1.691,102.73,0.620,1464.783,0.004,31.030,75.326,-9.960,0.296,0.097,2.430,-1.292,0.003,0.000,0.089,0.055,593.125,25.11913,16.98152,15.52728,15.92256,0.81732,0.27367,1.11044,0.53435,0.456,0.000,5.000,15.046,0.0621, 
2023.0,282.0,3.96,1.691,103.34,0.616,1475.180,0.004,31.030,75.326,-9.960,0.294,0.094,2.430,-1.292,0.003,0.000,0.082,0.089,593.214,33.34967,15.63992,19.53513,20.29947,1.38105,0.23349,1.93188,0.61661,0.456,0.000,5.000,15.496,0.0656, 
2023.0,283.0,3.99,1.691,104.01,0.613,1484.732,0.004,31.030,75.326,-9.960,0.292,0.091,2.430,-1.292,0.003,0.000,0.066,0.082,593.297,32.20041,12.62407,19.16664,19.76785,1.53815,0.30128,2.24541,0.79476,0.456,0.000,5.000,15.831,0.0640, 
2023.0,284.0,4.02,1.691,104.58,0.609,1492.436,0.003,31.030,75.326,-9.960,0.291,0.088,2.430,-1.292,0.003,0.000,0.062,0.066,593.363,28.65402,11.87285,16.05210,16.63300,1.32434,0.27811,1.83828,0.69482,0.456,0.000,5.000,15.474,0.0636, 
2023.0,285.0,4.05,1.691,105.23,0.606,1499.688,0.003,31.030,75.326,-9.960,0.289,0.086,2.430,-1.292,0.003,0.000,0.035,0.062,593.426,28.57854,6.72966,19.26265,20.29403,2.47689,0.30439,2.88050,0.64051,0.456,0.000,5.000,15.694,0.0643, 
2023.0,286.0,4.07,1.691,105.73,0.602,1503.783,0.003,31.030,75.326,-9.960,0.287,0.083,2.430,-1.292,0.003,0.000,0.059,0.035,593.461,30.27811,11.20384,15.82992,16.77787,1.34599,0.26445,2.13975,0.74092,0.456,0.000,5.000,15.053,0.0675, 
2023.0,287.0,4.10,1.691,106.41,0.599,1510.643,0.003,31.030,75.326,-9.960,0.286,0.081,2.430,-1.292,0.003,0.000,0.121,0.059,593.520,35.52139,23.01544,20.60109,20.92315,1.00455,0.34933,1.39584,0.79078,0.456,0.000,5.000,15.805,0.0658, 
2023.0,288.0,4.12,1.691,106.96,0.595,1524.744,0.003,31.030,75.326,-9.960,0.284,0.078,2.430,-1.292,0.003,0.000,0.073,0.121,593.642,30.18284,14.00985,15.58427,16.07280,1.25438,0.31343,1.76825,0.77206,0.456,0.000,5.000,15.304,0.0643, 
2023.0,289.0,4.15,1.691,107.54,0.592,1533.275,0.003,31.030,75.326,-9.960,0.283,0.076,2.430,-1.292,0.003,0.000,0.043,0.073,593.715,29.37634,8.20944,17.34273,18.59246,1.69745,0.27945,2.52259,0.72078,0.456,0.000,5.000,15.293,0.0638, 
2023.0,290.0,4.17,1.691,107.98,0.589,1538.272,0.003,31.030,75.326,-9.960,0.281,0.074,2.430,-1.292,0.003,0.000,0.095,0.043,593.758,29.31110,18.04339,14.04824,14.45059,0.86055,0.28395,1.19180,0.59918,0.456,0.000,5.000,14.460,0.0660, 
2023.0,291.0,4.19,1.691,108.56,0.586,1549.329,0.003,31.030,75.326,-9.960,0.280,0.071,2.430,-1.292,0.003,0.000,0.062,0.095,593.854,31.94692,11.74845,16.97175,18.10668,1.33460,0.28467,2.24349,0.82214,0.456,0.000,5.000,14.696,0.0645, 
2023.0,292.0,4.22,1.691,109.19,0.582,1556.487,0.003,31.030,75.326,-9.960,0.278,0.069,2.430,-1.292,0.003,0.000,0.046,0.062,593.915,29.26685,8.76057,17.39503,18.20602,1.80536,0.30692,2.32886,0.68553,0.456,0.000,5.000,15.027,0.0663, 
2023.0,293.0,4.25,1.691,109.84,0.579,1561.830,0.003,31.030,75.326,-9.960,0.276,0.067,2.430,-1.292,0.003,0.000,0.066,0.046,593.961,30.31329,12.55793,18.33108,18.95484,1.54286,0.32402,2.12039,0.77277,0.456,0.000,5.000,15.392,0.0651, 
2023.0,294.0,4.27,1.691,110.45,0.576,1569.516,0.003,31.030,75.326,-9.960,0.275,0.065,2.430,-1.292,0.003,0.000,0.092,0.066,594.028,30.02598,17.52638,17.38113,17.96506,0.97226,0.29610,1.44227,0.71831,0.456,0.000,5.000,15.578,0.0639, 
2023.0,295.0,4.30,1.691,111.08,0.573,1580.241,0.003,31.030,75.326,-9.960,0.274,0.063,2.430,-1.292,0.003,0.000,0.052,0.092,594.120,33.77325,9.90965,18.68302,19.73253,1.69987,0.26248,2.59431,0.67919,0.456,0.000,5.000,15.797,0.0628, 
2023.0,296.0,4.32,1.691,111.65,0.570,1586.271,0.003,31.030,75.326,-9.960,0.272,0.061,2.430,-1.292,0.003,0.000,0.037,0.052,594.172,30.93346,7.13119,16.05750,16.76158,2.13225,0.28573,2.49315,0.56317,0.456,0.000,5.000,15.426,0.0633, 
2023.0,297.0,4.35,1.691,112.22,0.567,1590.619,0.003,31.030,75.326,-9.960,0.271,0.059,2.430,-1.292,0.003,0.000,0.050,0.037,594.209,27.61271,9.44292,15.70581,16.39146,1.42572,0.28132,1.83189,0.60671,0.456,0.000,5.000,15.238,0.0623, 
2023.0,298.0,4.38,1.691,112.87,0.564,1596.397,0.003,31.030,75.326,-9.960,0.269,0.058,2.430,-1.292,0.003,0.000,0.047,0.050,594.259,33.26703,8.89746,18.93307,22.17682,0.94252,0.21141,1.61919,0.61665,0.456,0.000,5.000,17.076,0.0615, 
2023.0,299.0,4.40,1.691,113.47,0.561,1601.831,0.003,31.030,75.326,-9.960,0.268,0.056,2.430,-1.292,0.003,0.000,0.034,0.047,594.306,31.34713,6.52680,17.38439,18.37452,1.98848,0.24114,2.60741,0.52511,0.456,0.000,5.000,16.671,0.0606, 
2023.0,300.0,4.43,1.691,114.02,0.558,1605.812,0.003,31.030,75.326,-9.960,0.266,0.054,2.430,-1.292,0.003,0.000,0.065,0.034,594.340,36.04361,12.35486,18.65528,19.51622,1.46733,0.20871,2.10531,0.48506,0.456,0.000,5.000,16.380,0.0595, 
