date,developement_stage,LAI,green_leaves_weight,dead_leaves_weight,stem_weight,    root_weight,storage_weight,plant_height,top_layer_soil_moisture,rootzone_soil_moisture,    rootzone_depth,growth_assimilation,maintenance_respiration,    growth_respiration,soil_latent_heat_flux,plant_latent_heat_flux,    total_latent_heat_flux,soil_sensible_heat_flux,plant_sensible_heat_flux,    total_sensible_heat_flux,soil_PET,plant_PET,total_PET,    soil_AET,plant_AET,total_AET
1990-01-01,0.0,0.012,0.5,0.0,    0.3,0.8,0.0,0.01,0.2,    0.2,0.03,0.034462586225867724,0.005926909067931077,0.028535677157936645,0.11105774230796436,0.0035522618853343303,    0.1146100041932987,1.0346262975558969,0.017296415136948236,1.0519227126928452,0.0453464967048867,0.0014504403612989345,0.04679693706618563,0.04513560959817006,    0.0011584504927846448,0.04629406009095471
1990-01-02,0.0008100000000000001,0.011139531606551031,0.5063423457523196,0.0,    0.30341510925124904,0.8097574550035688,0.0,0.01004401307503135,0.19231264568320255,    0.19779021033277927,0.039584265774958445,0.02630994484063332,0.005999886974422761,0.02031005786621056,0.3414320493812909,0.002613874771810188,    0.3440459241531011,0.6474121935822185,0.014002426348320522,0.6614146199305391,0.1394116878342222,0.0010672832101898124,0.140478971044412,0.13848347666929942,    0.0008275299508146702,0.1393110066201141
1990-01-03,0.0016200000000000001,0.01123884219895548,0.5108564635888855,0.0,    0.30584578808632296,0.8167022516752086,0.0,0.01008700263341353,0.18500673595194556,    0.19405778603675358,0.04888859972771496,0.022222570892186693,0.006178990241800592,0.0160435806503861,0.27744619638603113,0.0023670121257398633,    0.279813208511771,0.5864110328108854,0.012205537007833731,0.598616569818719,0.1132853303942976,0.0009664855896552122,0.11425181598395281,0.11227516515604466,    0.0007332644858686139,0.11300842964191328
1990-01-04,0.0027,0.011317290892168173,0.5144223132803716,0.0,    0.30776586099712316,0.8221881742774948,0.0,0.010143548638952143,0.17925222132571839,    0.19139065392669977,0.057992898772217444,0.02290863090875917,0.005804288757278178,0.017104342151480992,0.37183592709385804,0.002914920601895384,    0.3747508476957534,0.5261649103666859,0.012257711289267397,0.5384226216559533,0.1518260347483304,0.0011902046153821023,0.1530162393637125,0.1501446898229269,    0.0008828314618652623,0.15102752128479216
1990-01-05,0.00288,0.011400926417135238,0.5182239280516018,0.0,    0.3098128843354779,0.8280368123870797,0.0,0.01015277501874253,0.17509117541602334,    0.1886796220354886,0.06689387042487908,0.021895463432925647,0.006928005053624721,0.014967458379300927,0.2559636158044814,0.002358553817175053,    0.25832216962165644,0.6187554482065076,0.012445112146141482,0.631200560352649,0.10451367927561782,0.0009630319388471536,0.10547671121446497,0.10305218527536168,    0.0007032151883840189,0.1037554004637457
1990-01-06,0.005265000000000001,0.011474113168656526,0.5215505985752966,0.0,    0.31160416846362127,0.833154767038918,0.0,0.010275307235174221,0.17070770295936782,    0.18683353957723786,0.07565638589317192,0.07275095444872126,0.007815895112890589,0.06493505933583067,0.7697621881689429,0.0077746273856174174,    0.7775368155545604,1.154085723695184,0.024795405167960367,1.1788811288631444,0.3143051335633545,0.003174493806528059,0.31747962736988256,0.3105020429025041,    0.002250599880530871,0.312752642783035
1990-01-07,0.009135,0.01179162773473701,0.5359830788516823,0.0,    0.3193755039970597,0.8553585828487421,0.0,0.010474060877762956,0.17341492026903774,    0.1834341418919875,0.08416394653507098,0.021944235902664522,0.007915597464069845,0.014028638438594677,0.30198178407998116,0.0031301203932955902,    0.30511190447327674,0.5839303688590726,0.012187356002865168,0.5961177248619377,0.1233035688655147,0.00127807383034022,0.12458164269585492,0.12267688330743712,    0.0009017994972243103,0.12357868280466143
1990-01-08,0.012825,0.011860223915168503,0.5391010870531138,0.0,    0.32105443149013824,0.8601555185432521,0.0,0.01066798249295492,0.19047948071746074,    0.18289482354668085,0.09263105830107204,0.02212428316797547,0.00856134843392478,0.013562934734050689,0.33568848358177134,0.0029949280517499086,    0.3386834116335212,0.5582042011171802,0.01244640813104615,0.5706506092482263,0.13706650610992618,0.0012228728246018968,0.13828937893452808,0.13651223143775526,    0.0008609752504038319,0.13737320668815908
1990-01-09,0.01746,0.011926542932674717,0.5421155878488508,0.0,    0.3226776242263043,0.8647932120751552,0.0,0.010919659837636961,0.19523264223071085,    0.18264952274122148,0.10107977250666365,0.027075315282164523,0.009751770670560312,0.01732354461160421,0.4068400563538206,0.0036288489588952384,    0.41046890531271585,0.6708748458751973,0.014960937406852289,0.6858357832820495,0.16611873149470116,0.0014817119809689627,0.16760044347567013,0.1654407647910934,    0.001039373027101354,0.16648013781819476
1990-01-10,0.023715,0.012011250297333955,0.5459659226060889,0.0,    0.3247508814032786,0.8707168040093677,0.0,0.011274326895274335,0.19503914793078747,    0.1822348246299968,0.10949738435391342,0.022497655904460526,0.009193402931781221,0.013304252972679304,0.6163054488503312,0.0036431551102709416,    0.6199486039606021,0.2943268493542321,0.012060938257192613,0.3063877876114247,0.2516465077058482,0.0014875533913266392,0.2531340610971748,0.25049722404127756,    0.0010339579166836045,0.25153118195796115
1990-01-11,0.029115000000000002,0.012076304432231993,0.5489229287378179,0.0,    0.32634311547420963,0.8752660442120277,0.0,0.011590258906868389,0.19268877851220206,    0.1812116497020917,0.1178382580815703,0.023563921657533224,0.009146264056992157,0.014417657600541067,0.5972504393795242,0.004307751896749951,    0.6015581912762742,0.36067477686853006,0.012175529718512419,0.37285030658704255,0.24386606929405846,0.0017589179568386778,0.24562498725089715,0.24215495749084265,    0.0012083922388433325,0.24336334972968598
1990-01-12,0.03438,0.012146802809283708,0.5521274004219867,0.0,    0.3280686002272236,0.8801960006492104,0.0,0.011906958701633852,0.1839610317130478,    0.17992141928122118,0.1260823645276619,0.11790757205909963,0.007734757522900204,0.11017281453619943,0.8553755352936679,0.0112884979049702,    0.8666640331986382,1.8574501322368138,0.03529598973231095,1.8927461219691246,0.34926231243810685,0.004609258412901679,0.3538715708510085,0.3454393010115866,    0.003108329690766441,0.34854763070235306
1990-01-13,0.037395,0.012685517546116552,0.5766144339143887,0.0,    0.34125392595390164,0.9178683598682904,0.0,0.012089037963262283,0.17531255824218514,    0.1778986478889005,0.13417476311932944,0.02450929826440225,0.007502287361590374,0.017007010902811877,0.14002699792821763,0.0027672067885536997,    0.14279420471677134,0.8095607305760444,0.014129217343842508,0.8236899479198869,0.057175066485137205,0.0011298909099999917,0.0583049573951372,0.05666876448598175,    0.0007603187299369611,0.05742908321591871
1990-01-14,0.039465,0.012768677148069093,0.5803944158213225,0.0,    0.343289300826866,0.9236837166481885,0.0,0.01221572230058757,0.17938706612758606,    0.17766614344203785,0.14224972387748228,0.02515386095396203,0.007318345378881331,0.0178355155750807,0.26449383898992873,0.002515093560395422,    0.26700893255032415,0.6985709869893979,0.014589529064694389,0.7131605160540924,0.10799669387263881,0.0010269494001839954,0.10902364327282281,0.10676042505742228,    0.0006874058432349742,0.10744783090065725
1990-01-15,0.04113,0.012855887909814229,0.5843585413551923,0.0,    0.3454238299604882,0.9297823713156806,0.0,0.012318351476474995,0.17446246723082995,    0.1770986894757329,0.15028212558816223,0.024448792754066605,0.01034663398386647,0.014102158770200135,0.23544285924679567,0.003078590024195952,    0.23852144927099164,0.7234510870479373,0.013921207890820542,0.7373722949387578,0.09613475494052313,0.0012570332287214821,0.09739178816924461,0.09585587743768437,    0.0008457967286774022,0.09670167416636177
1990-01-16,0.047205,0.012924843584430013,0.5874928902013643,0.0,    0.34711155626227314,0.9346044464636376,0.0,0.012712202932738803,0.20234345098316298,    0.17765624447813905,0.15835634392402265,0.024023620558435255,0.013348570405294587,0.010675050153140669,1.1812328057748431,0.005287159166159552,    1.1865199649410028,-0.21260192084076368,0.011825270766628346,-0.20077665007413534,0.48231459078501054,0.002158824236149378,0.4844734150211599,0.4804268197199672,    0.0014340183152317311,0.4818608380351989
1990-01-17,0.05652,0.012977041641256792,0.589865529148036,0.0,    0.34838913107971176,0.938254660227748,0.0,0.013351166884882285,0.19592049242235293,    0.17628143162146753,0.1663274512956327,0.04974951212291558,0.009742436874867482,0.0400070752480481,0.9918682974473235,0.007725477593988482,    0.9995937750413121,0.681297978577682,0.02168511157025541,0.7029830901479374,0.4049942988860049,0.003154425229427266,0.4081487241154322,0.403304792574477,    0.002074214507699339,0.40537900708217633
1990-01-18,0.061695,0.013172665226843076,0.598757510311049,0.0,    0.3531771209367187,0.9519346312477678,0.0,0.01371631823205918,0.19457886568469454,    0.17520912594024335,0.17421813574115094,0.11364755843675327,0.008878609482427012,0.10476894895432626,1.0424462132688992,0.01008728869048578,    1.0525335019593849,1.6403055962623678,0.03734291215089118,1.677648508413259,0.4256459999334035,0.004118787162950914,0.4297647870963544,0.4225320875283308,    0.0026694031833556808,0.4252014907116865
1990-01-19,0.065475,0.013684956548452535,0.6220434794751153,0.0,    0.3657157197173698,0.9877591991924852,0.0,0.013986666712480245,0.18313267564499588,    0.17369666905315617,0.18199538592013764,0.04665299896958671,0.009640104010779822,0.037012894958806886,0.4387311462495674,0.005528264024847143,    0.4442594102744145,1.1409826683676296,0.023221502206053856,1.1642041705736834,0.17914032884414607,0.0022572708680797388,0.1813975997122258,0.17869516842604746,    0.0014694753354976987,0.18016464376154517
1990-01-20,0.06984,0.013865939416604679,0.6302699734820308,0.0,    0.3701453703364782,1.000415343818509,0.0,0.014310534586857097,0.2057416033151762,    0.17415943297033074,0.18980734339291244,0.07808177674555708,0.011571925538653209,0.06650985120690386,1.0329083736895819,0.008790114444477469,    1.0416984881340594,0.9607144257162931,0.027622687311787786,0.9883371130280808,0.4217515608599358,0.0035891319903366098,0.42534069285027243,0.42132450571287006,    0.0026216704942767493,0.4239461762071468
1990-01-21,0.07641,0.014191154281456354,0.6450524673389252,0.0,    0.3781051747209598,1.023157642059885,0.0,0.014884666225002282,0.22658845049921172,    0.18687151105438723,0.19857270672199148,0.03182099765396282,0.013363538225633454,0.018457459428329364,1.0959861727876583,0.004784996777805857,    1.1007711695654643,-0.05754537084215882,0.014440427195137431,-0.043104943647021395,0.44750714664359625,0.0019537840055848686,0.44946093064918113,0.4466887556088466,    0.0014303464557038081,0.4481191020645504
1990-01-22,0.084555,0.014281406177447158,0.6491548262475981,0.0,    0.3803141372102452,1.0294689634578433,0.0,0.01564207688602566,0.21263995214134615,    0.1871344592127015,0.2073577911629441,0.03253718260854631,0.01272124308143758,0.01981593952710873,1.3958840820674356,0.005774405533815266,    1.4016584876012508,-0.3413563004920264,0.013678976780403035,-0.3276773237116234,0.5699598390209251,0.0023577740378128978,0.572317613058738,0.5679872218699621,    0.0017067058792546266,0.5696939277492167
1990-01-23,0.09198,0.014378300667184773,0.6535591212356715,0.0,    0.3826856806653617,1.0362448019010333,0.0,0.016362959070212915,0.19853385699753395,    0.18581811331422002,0.2160441496615106,0.03658650230216908,0.01241232906207173,0.024174173240097352,0.5486339747040203,0.004321452720505801,    0.5529554274245261,0.5199858967486569,0.01532699148023184,0.5353128882288888,0.22401525737049496,0.0017645122030964134,0.2257797695735914,0.22381108036619837,    0.0014073211198167266,0.2252184014860151
1990-01-24,0.099,0.014496505720128316,0.6589320781876508,0.0,    0.38557881133181204,1.0445108895194628,0.0,0.017153431909812916,0.2291644168061242,    0.19761112038530507,0.22561498369040847,0.06521744282594204,0.01037650270437776,0.05484094012156428,2.060909452750567,0.007518071401448728,    2.0684275241520154,-0.4249114430109665,0.022502908323511414,-0.4024085346874551,0.841499401717276,0.0030697382546056775,0.8445691399718817,0.8404120629321549,    0.0025570563554802887,0.8429691192876352
1990-01-25,0.10359,0.014764662821765645,0.6711210373529839,0.0,    0.3921420970362222,1.063263134389206,0.0,0.017711583236983693,0.22072950310803807,    0.20327814391439075,0.23561084448398778,0.04128478682870642,0.013795297765517618,0.0274894890631888,4.020526491368838,0.013483331490957599,    4.0340098228597965,-2.9261975943731127,0.006761652510721914,-2.9194359418623907,1.6416396327164675,0.0055054409923994685,1.647145073708867,1.6383530022472845,    0.004722611016862605,1.643075613264147
1990-01-26,0.111645,0.01490039356792695,0.6772906167239523,0.0,    0.39544134242691104,1.0725925223167336,0.0,0.018781009786339033,0.21058016591798961,    0.20724927099231183,0.24590453980841118,0.07642381652273966,0.010584806618218309,0.06583900990452135,1.3772128867894118,0.008302071503741251,    1.385514958293153,0.39386032609228433,0.02442220304045558,0.41828252913273994,0.5623361175445478,0.0033898569362609703,0.5657259744808087,0.5615023650621105,    0.002917581611667627,0.5644199466737782
1990-01-27,0.116145,0.015232535134083843,0.6923879606401747,0.0,    0.4033933927280388,1.0945593807997542,0.0,0.019400290938899483,0.21749073387055287,    0.20770877846594835,0.2562326981933573,0.11618994797190711,0.011037378571961944,0.10515256939994516,1.2743627670366877,0.00876786657115143,    1.2831306336078392,0.9893411137433931,0.03354990924417308,1.0228910229875663,0.5203409128920792,0.0035800478590234386,0.5239209607511026,0.5186108479699492,    0.003050556640147591,0.5216614046100968
1990-01-28,0.120915,0.01576929476583366,0.7167861257197119,0.0,    0.41613844681834067,1.1293064632443217,0.0,0.02007294096938149,0.1993935238843834,    0.20633590433529986,0.2664578910185048,0.05572057669148101,0.012921727313851997,0.04279884937762901,1.8519949895776273,0.010672303791617915,    1.8626672933692452,-0.5024387845978981,0.015176471930325987,-0.48726231266757225,0.7561965779879348,0.004357657365104257,0.7605542353530391,0.7545849280996159,    0.003685524267382762,0.7582704523669986
1990-01-29,0.127305,0.015990476865897257,0.7268398575407845,0.0,    0.42134516791377874,1.1433040191349049,0.0,0.021009389628777273,0.20916839933444376,    0.20532130531954612,0.27660698891747076,0.19383679460267805,0.011758569212716717,0.18207822538996132,1.442790116492774,0.012828352881373664,    1.4556184693741476,1.6537308628297334,0.04667919580352857,1.700410058633262,0.589112257315272,0.005238003668859179,0.5943502609841311,0.5863314833224204,    0.004376888260826981,0.5907083715832473
1990-01-30,0.1323,0.016946888416856987,0.7703131098571359,0.0,    0.44360573665660996,1.2020274379321596,0.0,0.021758967039325307,0.1920043606745288,    0.20369637862144543,0.2866342173140792,0.07898759900072917,0.014258539581721588,0.06472905941900758,1.4257082440320632,0.011494119310004481,    1.4372023633420676,0.3196072287845847,0.02368940859802356,0.34329663738260824,0.5821374795361152,0.00469321663294171,0.5868306961690569,0.5784739037477644,    0.0038731906012249473,0.5823470943489893
1990-01-31,0.139095,0.01729118091085044,0.78596276867502,0.0,    0.45154986230010224,1.2226743537699984,0.0,0.02281610999034757,0.18613616521161247,    0.20204387196752024,0.29653750771164317,0.06800672686405532,0.018133935485967378,0.049872791378087936,2.6719921131147597,0.017492423354206747,    2.6894845364689663,-1.0918555317808394,0.014664151588688943,-1.0771913801921507,1.0910133686749048,0.007142411699604077,1.098155780374509,1.0729368737189622,    0.005759822315494525,1.0786966960344566
1990-02-01,0.14876999999999999,0.017560941978743336,0.7982246353974245,0.0,    0.4577025920491311,1.2383423594853236,0.0,0.024391483608281226,0.16758105944982085,    0.19902806632250128,0.3062146126858308,0.16122830947795588,0.016348331577476807,0.14487997790047907,1.4057017126670797,0.017998605004597337,    1.4237003176716772,1.3562167613069658,0.038475362037974185,1.3946921233449399,0.5739685208506171,0.007349093053506091,0.5813176139041232,0.5576253271492178,    0.005846523120745883,0.5634718502699636
1990-02-02,0.156915,0.01836313597431867,0.8346879988326669,0.0,    0.47570796425857487,1.282865869902104,0.0,0.025777170973973126,0.1579128063891267,    0.19728695806526245,0.31576113454072546,0.1451086625019374,0.014869008995599748,0.13023965350633765,0.8026917567643465,0.014118467128191254,    0.8168102238925378,1.7301334384041682,0.039471302892090505,1.7696047412962588,0.3277507569190322,0.005764776140786567,0.3335155330598188,0.3267098677124216,    0.004568773676595309,0.3312786413890169
1990-02-03,0.163305,0.01909827740874908,0.8681035185795036,0.0,    0.4919934264592642,1.3221406924831791,0.0,0.02690979184704501,0.20038043460945074,    0.19680523413273576,0.32527152710068064,0.060742597544743926,0.015723475690976426,0.045019121853767496,1.2313110603373627,0.008969279116016743,    1.2402803394533797,0.018158754605027732,0.018236530772632237,0.036395285377659965,0.5027622728494326,0.0036622875400420824,0.5064245603894747,0.5022150722853829,    0.0029953631761609326,0.5052104354615438
1990-02-04,0.169965,0.019356183814085097,0.8798265370038681,0.0,    0.49764968510834784,1.335513564064106,0.0,0.028185956237844364,0.22483751652360362,    0.2008630474657493,0.33508625566061184,0.25622268052268204,0.015053278002544314,0.24116940252013774,1.9725201844450455,0.02021465989947712,    1.9927348443445225,1.5897977867083364,0.05755225885368463,1.647350045562021,0.8054087737190132,0.008253940603079477,0.8136627143220927,0.802702097312876,    0.006678534220110003,0.809380631532986
1990-02-05,0.175905,0.02075896360932244,0.943589254969202,0.0,    0.528100902234031,1.4060203885971363,0.0,0.029359316751722504,0.19916397089591528,    0.19946125088650718,0.3447958494770999,0.32899187118808515,0.01764214463037562,0.31134972655770954,2.6623045706517847,0.0338442570826649,    2.6961488277344494,1.5764464151967945,0.06438110874446602,1.6408275239412606,1.0870578037296208,0.013819104011880686,1.1008769077415015,1.0768080291337208,    0.010972324345871472,1.0877803534795922
1990-02-06,0.18310500000000002,0.022594295394467084,1.0270134270212312,0.0,    0.5675864096742141,1.4957424038939464,0.0,0.030825981013491217,0.17817161194458997,    0.19703948778662636,0.3543238110610969,0.3300708899493689,0.01907496722792382,0.31099592272144505,1.3662063629953696,0.025567491603051724,    1.3917738545984213,2.5766485241588923,0.0728814524889026,2.649529976647795,0.5578419932756179,0.01043957989452896,0.5682815731701468,0.5486097702250179,    0.008197848636752183,0.5568076188617701
1990-02-07,0.19035000000000002,0.024456981951610758,1.1116809978004891,0.0,    0.6072362530693559,1.5837874548735456,0.0,0.03235979429818656,0.16760165638389685,    0.19564258285601557,0.3637470047752981,0.07588036515699798,0.025529675323242827,0.05035068983375515,1.3339480137439066,0.0175250610917432,    1.3514730748356496,-0.025651192612856276,0.017480175218867834,-0.008171017393988445,0.544670438572298,0.007155738164080076,0.5518261767363781,0.5416444689562839,    0.005572205115161292,0.5472166740714453
1990-02-08,0.20047500000000001,0.024763343987534502,1.125606544887932,0.0,    0.6136896609485738,1.597785798587929,0.0,0.034636545289863006,0.1886587982113956,    0.19459271118962507,0.37309145811452,0.08616419595798265,0.023179920610810374,0.06298427534717227,1.781587779569446,0.02063702261653105,    1.8022248021859768,-0.36501146723600536,0.017327652959403004,-0.34768381427660233,0.7274482867811605,0.00842639746343994,0.7358746842446005,0.7265456801587167,    0.006707437915115176,0.7332531180738319
1990-02-09,0.209205,0.025154974477889468,1.1434079308131577,0.0,    0.6218224840845363,1.6148466617000172,0.0,0.036764344300780766,0.22169369276803724,    0.19736048484239382,0.3826434944776995,0.3458777246524437,0.018756585121983232,0.32712113953046046,1.8248484441728432,0.02516993287961203,    1.8500183770524552,2.011989667432688,0.078168359388876,2.0901580268215643,0.7451122473850893,0.010277250866693465,0.7553894982517828,0.7428686751383392,    0.008116907915873443,0.7509855830542127
1990-02-10,0.21501,0.02722991967816986,1.2377236217349936,0.0,    0.6644003341136472,1.7012157729311597,0.0,0.03822348931016612,0.20153332076248748,    0.19636699087969112,0.39212101879367633,0.19446553764010222,0.018924910458654274,0.17554062718144794,1.229737202402283,0.017713656801347115,    1.2474508592036302,1.2165738045983576,0.052901776015540226,1.2694755806138978,0.5021196436892869,0.007232744544242158,0.509352388233529,0.501542800997969,    0.005809564288009514,0.5073523652859785
1990-02-11,0.22005,0.028358013051109295,1.2890005932322408,0.0,    0.687369536769391,1.7467628742212116,0.0,0.039555553810463044,0.22353593905264812,    0.19851695236789507,0.40175979022126845,0.24741087504964684,0.01945832290144555,0.2279525521482013,2.055553377040524,0.021275582823609845,    2.076828959864134,0.7096010057922598,0.060993628448073066,0.7705946342403329,0.8393124378506499,0.008687130913665084,0.847999568764315,0.8381448892347377,    0.00705114383783769,0.8451960330725754
1990-02-12,0.225,0.02983944144686199,1.356338247584636,0.0,    0.7173332971514569,1.8050055296038858,0.0,0.040921282356626267,0.21898629715879273,    0.19986831040837305,0.4114999135018964,0.20077936766144064,0.01896259305721943,0.18181677460422122,1.6399959325067393,0.019021357050202626,    1.6590172895569417,0.6724681244247234,0.05264097843587851,0.7251091028606018,0.6696342695606123,0.007766697637411182,0.6774009671980236,0.6687539213536076,    0.006363016468018235,0.6751169378216259
1990-02-13,0.22905,0.031033992531747937,1.4106360241703608,0.0,    0.7413397145033997,1.8507516639569443,0.0,0.04207937192371251,0.2203199147363335,    0.20108307834451347,0.42133114437773495,0.3111701255331924,0.020300112850503996,0.2908700126826884,1.624094685379085,0.02284824424460706,    1.6469429296236922,1.3553836693639512,0.07220076143110483,1.4275844307950558,0.6631415583322655,0.009329271519651797,0.6724708298519173,0.6623660396920134,    0.007846788122663987,0.6702128278146774
1990-02-14,0.23355,0.03296200256543596,1.4982728438834527,0.0,    0.7798854246608076,1.9230076791745876,0.0,0.04343956968778441,0.22310850243736552,    0.2045749340644228,0.43142426443256665,0.30294442084336626,0.022827650319736742,0.2801167705236295,2.1809349557518853,0.027520801724425132,    2.2084557574763104,0.6786480868772504,0.06841651704525255,0.7470646039225031,0.8905075659680752,0.011237144919188471,0.9017447108872637,0.8880470793631445,    0.009376176608268687,0.8974232559714133
1990-02-15,0.238905,0.0348369116856913,1.583495985713241,0.0,    0.8171564041642915,1.9915979298933397,0.0,0.0451016907266562,0.2034068421364424,    0.20350261726724542,0.4414369607276101,0.16315438272301727,0.01917307055142523,0.14398131217159205,0.5822513975738047,0.012307337568519908,    0.5945587351423246,0.9891010733865994,0.042861663063224406,1.0319627364498236,0.23774174166336126,0.005025265514125197,0.24276700717748645,0.2375239420243096,    0.004387907484186617,0.2419118495084962
1990-02-16,0.24138,0.03581175362526868,1.627806982966758,0.0,    0.836405879014357,2.026244652706046,0.0,0.04591844972603151,0.2290384679310365,    0.2097070852269335,0.4519149921196301,0.6899352986766725,0.020252289015666943,0.6696830096610056,2.202463096423078,0.04212336100555655,    2.2445864574286345,2.91455019176902,0.14068311889839027,3.0552333106674103,0.8992978199361551,0.017199582949744868,0.9164974028859,0.8964241598670406,    0.0148813415326719,0.9113055013997126
1990-02-17,0.24426,0.0403698662584477,1.834993920838532,0.0,    0.9261366411900128,2.1860825172370935,0.0,0.0468776690901039,0.20024778387354236,    0.20843444065966862,0.46229757516910525,0.2051143066611506,0.023241727719979448,0.18187257894117115,0.4159597641735457,0.016155497808933626,    0.4321152619824793,1.3148526066109625,0.052947873560081904,1.3678004801710444,0.1698424412694769,0.006596525491461173,0.17643896676093807,0.16899625794219048,    0.005688618861155297,0.17468487680334577
1990-02-18,0.24759,0.04161533130627346,1.8916059684669757,0.0,    0.9505683365527287,2.2290769758084017,0.0,0.04800673757811952,0.19088944265557786,    0.20797854930796866,0.4726459663672029,0.1860979758228668,0.03009746432239476,0.15600051150047203,0.07166761535603318,0.00976508680311854,    0.08143270215915172,1.4408999212523474,0.05186970504133039,1.4927696262936778,0.029262933101750842,0.00398722743086766,0.033250160532618506,0.02923808106539353,    0.0035205414779484437,0.03275862254334198
1990-02-19,0.253935,0.042691139471955936,1.940506339634361,0.0,    0.9715866640750312,2.265544108039249,0.0,0.050299269906553944,0.23091038596841748,    0.21127276315140475,0.48324142360355826,0.6312314739378899,0.038409508648234184,0.5928219652896557,2.1673004011070476,0.05100312952940828,    2.218303530636456,1.9262007520192528,0.11841405862029507,2.044614810639548,0.8849403783553446,0.02082532200889484,0.9057657003642394,0.8822603462815308,    0.018235874293060467,0.9004962205745913
1990-02-20,0.26316,0.04680128559161001,2.1273311632550005,0.0,    1.053238055570231,2.4012495741060236,0.0,0.053799968715243514,0.2014080880440821,    0.21010539119843907,0.4937493279434412,0.47602243738984074,0.053019912596204324,0.4230025247936364,2.947568791511479,0.06418134596601957,    3.0117501374774984,0.2659581136694036,0.08036042437786098,0.3463185380472646,1.2035353475947326,0.02620618007245933,1.229741527667192,1.1923070287861153,    0.022616162965216083,1.2149231917513315
1990-02-21,0.27553500000000003,0.04973614940511406,2.260734063868821,0.0,    1.1142006337385544,2.495153798778422,0.0,0.05879077497292585,0.17837645210145325,    0.20808140157891336,0.5041054330618597,0.48496548553797447,0.040935820478937276,0.4440296650590372,1.2339366383085724,0.054543675092901305,    1.2884803134014737,1.8432750841350858,0.09121442685891827,1.9344895109940041,0.5038343346467067,0.02227097842502499,0.5261053130717317,0.49950352525519737,    0.019082107419890876,0.5185856326750883
1990-02-22,0.28386,0.05281989131412719,2.400904150642145,0.0,    1.1820227945630875,2.589576166356085,0.0,0.06229400111832462,0.17996588810152753,    0.20709039310782387,0.5143872125449466,0.9843533468890121,0.04140575143236737,0.9429475954566447,2.0882897818900847,0.1039578978652315,    2.192247679755316,3.0623453889938292,0.15282491326044023,3.2151703022542693,0.8526791896303139,0.04244752662016433,0.8951267162504782,0.836726485306587,    0.03595664422722149,0.8726831295338084
1990-02-23,0.291645,0.059372865467409275,2.698766612154967,0.0,    1.3315569207284983,2.7841258071975807,0.0,0.06568417686791805,0.1653713395126626,    0.20553352891055132,0.5245522272132379,1.123458487007182,0.046747707874838354,1.0767107791323436,1.1451979912835835,0.08922311263702318,    1.2344211039206066,4.010295444152377,0.1975141509635468,4.207809595115925,0.4676010502192582,0.03643109880601594,0.5040321490252742,0.4537722295789731,    0.030631828877983984,0.4844040584569571
1990-02-24,0.299655,0.06686003254397357,3.0390923883624352,0.0,    1.5082125888893,2.999869673273429,0.0,0.06931008661689801,0.15725260043180245,    0.20453046383734413,0.5346420120010387,0.9365239108226974,0.06186333230646495,0.8746605785162325,1.1060284531736135,0.08871618096673257,    1.1947446341403463,3.0434093518730085,0.16931630787021312,3.2127256597432217,0.4516075562590599,0.03622411120804469,0.4878316674671046,0.4311395841016939,    0.030240110634224313,0.4613796947359182
1990-02-25,0.309915,0.07294606855150494,3.3157303887047704,0.0,    1.6566816123317083,3.1697488640954736,0.0,0.07419575879177445,0.14994641349430518,    0.20356898320258496,0.5446596857412326,0.5451123133274903,0.056499266817936,0.48861304650955434,0.5555028103447824,0.04325365827560648,    0.5987564686203889,1.9455296370760238,0.12513774716285556,2.070667384238879,0.22681990319056305,0.017661099818057666,0.24448100300862072,0.22444183406633966,    0.01468676233809419,0.23912859640443385
1990-02-26,0.31797,0.07634870841863033,3.4703958372104697,0.0,    1.7431934502194415,3.2607773160494737,0.0,0.07818972985490141,0.17613389888655478,    0.2030541131811295,0.5546387442298173,0.45930310948765024,0.05495568598255449,0.4043474235050957,1.0021395513939766,0.04598217122894274,    1.0481217226229194,0.9961202707651059,0.09362941711285563,1.0897496878779613,0.4091882017474136,0.01877519147052979,0.4279633932179434,0.40876592851319526,    0.015903999723131074,0.4246699282363263
1990-02-27,0.325125,0.07916635482185316,3.5984706737205987,0.0,    1.8171200055038874,3.3335772187817523,0.0,0.08194540453591534,0.22612685160068335,    0.20553203756644134,0.5648036470473004,0.6405316088539528,0.04488165124038545,0.5956499576135673,1.7620169759938937,0.04501107175625715,    1.807028047750151,0.7115576277864745,0.13263069489786222,0.8441883226843366,0.7194572421100938,0.018378677385846323,0.7378359194959401,0.7186017885836333,    0.01598210509332909,0.7345838936769624
1990-02-28,0.32922,0.0833194652832002,3.7872484219636458,0.0,    1.929091747812528,3.4374933308461677,0.0,0.08420038337127236,0.22271109858649848,    0.20913606301734974,0.5752388517736016,0.5297343878602765,0.05731246043074653,0.47242192742952993,2.3136616405147232,0.05891200874212676,    2.3725736492568497,-0.3361482578755579,0.08934280826444982,-0.24680544961110812,0.9447018080638551,0.024054632795389788,0.9687564408592448,0.9434351326455692,    0.02148271204147066,0.9649178446870399
1990-03-01,0.33588,0.08661447169404608,3.9370214406384583,0.0,    2.019297095382897,3.5183959002605105,0.0,0.08809967000489675,0.21985405015081003,    0.21289280388824194,0.5859558120652197,1.5564716731322779,0.04564277705384849,1.5108288960784293,1.6009240110427774,0.07822077099284429,    1.6791447820356218,2.871318327849563,0.26741915522171605,3.1387374830712793,0.6536806339013714,0.031938682169899826,0.6856193160712712,0.6529291911638211,    0.02915319793870548,0.6820823891025266
1990-03-02,0.33912000000000003,0.0971577617626372,4.416261898301691,0.0,    2.3150762551076545,3.769217394618933,0.0,0.0900709101820371,0.22352044874064975,    0.21604584013140288,0.596909250075075,1.936717939650472,0.04920586755887934,1.8875120720915926,1.4052897649632432,0.08703002516528231,    1.4923197901285254,3.6086907839682016,0.3451845171659673,3.953875301134169,0.573800316592126,0.03553562919044377,0.6093359457825698,0.5725351956249898,    0.032312376987575324,0.604847572612565
1990-03-03,0.341955,0.11033320041431849,5.015145473378113,0.0,    2.6890493236858415,4.077752123840533,0.0,0.09181401246802284,0.20840643462218558,    0.21548723171059994,0.60782079245337,1.718263654235195,0.06298909647855976,1.6552745577566352,0.9903241262926619,0.08024233496938252,    1.0705664612620445,3.015480965236618,0.31004887206370496,3.3255298373003224,0.40436379127148425,0.03276411623956246,0.4371279075110467,0.40285765570204257,    0.02965589003113813,0.4325135457331807
1990-03-04,0.346455,0.12189021652754259,5.540464387615573,0.0,    3.0204301432766223,4.344617640590104,0.0,0.09463089044347381,0.1969695946125535,    0.21482131519398692,0.618682391092919,0.6977719566422583,0.07622143476678743,0.6215505218754709,0.5699226575541557,0.03817209964926802,    0.6080947572034237,1.12566232148578,0.14337931082935873,1.2690416323151386,0.23270773721614202,0.015586225282377315,0.24829396249851934,0.23134093884208784,    0.01405425290252239,0.24539519174461022
1990-03-05,0.352215,0.12623143559142166,5.737792526882804,0.0,    3.1469064368917863,4.442609899515152,0.0,0.09832591826492344,0.18752915660281028,    0.21427357642174405,0.6295029093245498,0.9999930657890045,0.08801959899886998,0.9119734667901345,1.0417317175808565,0.07027709222237957,    1.1120088098032361,1.294176254845954,0.1867531181728507,1.4809293730188047,0.42535426091827355,0.028695162216192605,0.45404942313446617,0.42143318165166876,    0.025727722789162293,0.44716090444083106
1990-03-06,0.359415,0.13260124881551005,6.027329491614093,0.0,    3.3362452942145975,4.582437597755349,0.0,0.10307966146020066,0.17860802461646663,    0.2134539946229359,0.6402619589212699,0.9156831593822005,0.09646237530370123,0.8192207840784992,0.668584347011509,0.06250832854339435,    0.7310926755549033,1.3969577198961702,0.17459442999049576,1.571552149886666,0.2729927446627195,0.025523062646643876,0.2985158073093634,0.2707275430588546,    0.022786062508570078,0.2935136055674247
1990-03-07,0.36719999999999997,0.13831820991679783,6.287191359854447,0.0,    3.5104120219382,4.703994808141118,0.0,0.10838631860464554,0.18065461954439013,    0.21284218362997312,0.6509751226935179,0.8334300941857428,0.11178822703055773,0.7216418671551851,0.6658825645981394,0.06911160449575196,    0.7349941690938915,1.18537435054163,0.15099621726014337,1.3363705678017737,0.2718895674797597,0.028219276570970776,0.30010884405073046,0.2686070466803621,    0.02508152748429854,0.29368857416466065
1990-03-08,0.37638,0.14334943537755654,6.51588342625257,0.0,    3.667730802447744,4.807209530512164,0.0,0.11487770169316755,0.17345701611459338,    0.2122093294062681,0.661640822398988,1.50763168323094,0.10386784910777772,1.4037638341231622,0.8722386485983966,0.10452298972286747,    0.9767616383212641,2.1743573654407506,0.26818990351945493,2.4425472689602055,0.35614776766180956,0.042678261871284325,0.3988260295330939,0.34971654195870894,    0.037732932507102454,0.3874494744658114
1990-03-09,0.384165,0.15312537573834348,6.960244351742886,0.0,    3.9827107539902777,4.9991064373314,0.0,0.1205402902596523,0.1660131254686224,    0.21146005334857637,0.6722503264001313,1.115273184129011,0.10072734289286044,1.0145458412361508,1.1882255113051539,0.11049413740338043,    1.2987196487085342,0.9487497377607734,0.16722910715665845,1.115978844917432,0.4851698144884528,0.04511636859839501,0.5302861830868478,0.4721840955147416,    0.03963949543482573,0.5118235909495673
1990-03-10,0.390735,0.16018402225978917,7.281091920899509,0.0,    4.215858330822794,5.132342977367698,0.0,0.12542063144832372,0.15899515334560238,    0.21057690072595384,0.6827935939545778,0.9325724110136554,0.11749504119097202,0.8150773698226834,0.27329670678570334,0.056486744780453874,    0.3297834515661572,1.4857002370088,0.18113871162735548,1.6668389486361557,0.11159103324240302,0.02306436213113018,0.13465539537353322,0.11124445731275295,    0.02023740634044853,0.13148186365320147
1990-03-11,0.398745,0.16585029769889129,7.538649895404149,0.0,    4.406903353485587,5.235680189163811,0.0,0.13155577845912358,0.20086246418519632,    0.21038909882105203,0.6933227763661567,2.625204641986425,0.1434585978424166,2.4817460441440082,2.0278185522154164,0.2507565391354749,    2.2785750913508913,2.5336011979217488,0.3829809587138248,2.9165821566355734,0.8279879041764933,0.1023875538915953,0.9303754580680885,0.8218371015288374,    0.08910521199856208,0.9109423135273995
1990-03-12,0.40891500000000003,0.18308593055599734,8.322087752545334,0.0,    5.0024904906832095,5.53654800119044,0.0,0.13958508765225902,0.18282972666031364,    0.20924381800218236,0.7037660627163204,3.414015886999596,0.11039528405963768,3.3036206029399584,1.0952172337399146,0.2412753938035762,    1.3364926275434907,3.965714815918564,0.5327028930692451,4.498417708987809,0.4471931776102795,0.09851626390661364,0.5457094415168932,0.44168441885339293,    0.08524329994963065,0.5269277188030236
1990-03-13,0.41445000000000004,0.2058758408557383,9.357992766169923,0.0,    5.814404984847866,5.924127598376078,0.0,0.1440174050810209,0.17307799054866788,    0.208443414834221,0.714149318828887,3.766441470818057,0.1126321566193293,3.653809314198728,0.7802348192012497,0.24868104331613156,    1.0289158625173813,4.182187858100764,0.6037894539770581,4.785977312077821,0.3185812616272683,0.10154009866355838,0.4201213602908267,0.31287341167928584,    0.08742797218353565,0.4003013838628215
1990-03-14,0.41877000000000003,0.23097920830629873,10.49905492301358,0.0,    6.723420033535466,6.345938962691951,0.0,0.147511982920308,0.16615570255076215,    0.20776306831959002,0.7244815489528562,4.478740983589639,0.1838280933865966,4.294912890203043,1.7649940549486713,0.47169926833547227,    2.2366933232841437,3.838022675506251,0.6078286643914307,4.445851339897682,0.7206728268879533,0.19260169415255624,0.9132745210405095,0.6996487867342637,    0.16441063242536147,0.8640594191596251
1990-03-15,0.427995,0.26039384837275226,11.836084016943285,0.0,    7.80200866453665,6.835505948203786,0.0,0.1551403131885877,0.15749027252043585,    0.20658084007932753,0.7347251119588057,5.645017986593551,0.1768678191277932,5.468150167465758,1.489772315532071,0.5664351513227056,    2.0562074668547767,4.8105110629926084,0.8034335316498932,5.6139445946425015,0.6082957747328688,0.23128373753321865,0.8395795122660874,0.5776888827167758,    0.1958395676417714,0.7735284503585471
1990-03-16,0.435195,0.29759138676835917,13.526881216743599,0.0,    9.202448068721974,7.441911104454136,0.0,0.16117999950431944,0.14819034897255337,    0.20548004350363355,0.7448861152215782,6.194043780423234,0.22307576177873026,5.970968018644504,1.5111968227704018,0.688473436527806,    2.1996702592982076,4.552785595136933,0.8235814381788567,5.37636703331579,0.6170437136581239,0.28111375012772327,0.8981574637858472,0.5642446752055441,    0.23603540188508162,0.8002800770906258
1990-03-17,0.4437,0.3379961021314465,15.363459187793023,0.0,    10.754671231596895,8.089792545984219,0.0,0.1684318263578388,0.13941395056302827,    0.2043429991754382,0.7549618401597361,6.5407586604808845,0.3159004485158665,6.224858211965018,1.8597398284576019,0.9148808452927907,    2.7746206737503925,3.9833432052954634,0.7472230403032104,4.7305662455986734,0.7593589087129441,0.3735591987939982,1.1329181075069423,0.6405700710113296,    0.31056126012826024,0.9511313311395898
1990-03-18,0.45508499999999996,0.379858202078995,17.266281912681592,0.0,    12.401014323977977,8.747764475818336,0.0,0.17833771177933025,0.12954608427045453,    0.20301720793100703,0.7649381307545616,7.637822521660053,0.35360936890429184,7.284213152755761,1.7117208311842764,1.0515988173221575,    2.7633196485064335,4.276049167707034,0.8718429807652313,5.147892148472264,0.698920592278394,0.4293831417203427,1.1283037339987367,0.5206685142798262,    0.35359363363402585,0.874262147913852
1990-03-19,0.466425,0.42844006367909293,19.47454834904968,0.0,    14.371157737042658,9.490626229545748,0.0,0.1883739176733112,0.12129602651990863,    0.20175873918750967,0.7748200361936248,2.7838834038312066,0.37606368510195265,2.407819718729254,0.8073922268610885,0.41209420621807047,    1.2194864330791588,1.1346864015249227,0.2963627299961105,1.4310491315210334,0.32967002744735124,0.16826407755121917,0.4979341049985704,0.27773873768286655,    0.13791300350481212,0.41565174118767867
1990-03-20,0.477,0.4443672575883487,20.198511708561306,0.0,    15.036601401296394,9.727361035465306,0.0,0.1978917344572208,0.1294314038402416,    0.20113958060390566,0.7846555047389178,8.468937085343276,0.3491800009685736,8.119757084374703,0.6063163019520075,0.5765055390235432,    1.1828218409755504,4.731070366315398,1.4363739466767689,6.167444312992167,0.247567793268692,0.23539562377548215,0.4829634170441741,0.24423585164888498,    0.19209053410491078,0.4363263857537958
1990-03-21,0.486135,0.4976678309243196,22.621265042014528,0.0,    17.32484962607613,10.498240116795568,0.0,0.20620977202123195,0.17142012271754423,    0.2005652372114613,0.7944478975297774,2.703788071959116,0.45762162332243067,2.2461664486366852,1.2112943404365681,0.33749009573963257,    1.5487844361762009,0.3909032334408166,0.34477530577302457,0.7356785392138412,0.4945891540360951,0.13780213064255345,0.6323912846786486,0.4836744939949189,    0.11181594793966977,0.5954904419345887
1990-03-22,0.497295,0.5123153404130212,23.2870609278646,0.0,    17.968312709787487,10.704990409027385,0.0,0.2164804123690709,0.16240639948911256,    0.19982783057798775,0.8041849848231265,4.878170957474982,0.34981804553071305,4.5283529119442685,0.5108237248187876,0.3183724537378774,    0.8291961785566649,2.1459941090341594,0.8421119593093025,2.9881060683434617,0.20857678062677412,0.12999611845446288,0.338572899081237,0.20534088058286207,    0.10511989156838682,0.3104607721512489
1990-03-23,0.504585,0.5416085959437708,24.618572542898672,0.0,    19.29108666119613,11.105956081235242,0.0,0.22322469419421578,0.16878725165162795,    0.19938219118314354,0.8138886491618623,9.062412794563329,0.37021168435891,8.692201110204419,1.2103131455362879,0.6543811617392126,    1.8646943072755007,3.3534998973873313,1.454907789360718,4.808407686748049,0.49418851784101536,0.2671933768675136,0.7613818947085289,0.48171766905747904,    0.21465529581987844,0.6963729648773574
1990-03-24,0.511875,0.5968376821822353,27.128985553737973,0.0,    21.888990559146947,11.85999920986885,0.0,0.22997278260278856,0.160029992770856,    0.19853929140695079,0.8235290960173837,3.3994542192708472,0.3830625899338457,3.0163916293370017,0.5483316697294432,0.2869510167658074,    0.8352826864952507,1.0165171737741383,0.5169440669524211,1.5334612407265593,0.22389182183823364,0.11716628724678672,0.3410581090850204,0.2234129061065367,    0.09406636659095821,0.3174792726974949
1990-03-25,0.5183099999999999,0.6155126806088737,27.97784911858517,0.0,    22.81645242570799,12.117100615588166,0.0,0.23595506426483484,0.20908631405223224,    0.1984551982333645,0.833163235884886,8.026706392872809,0.34920450951635856,7.677501883356451,1.4705676555930998,0.5239633946844067,    1.9945310502775064,1.9484455223546053,1.2832859606679754,3.231731483022581,0.6004542318512738,0.2139418995629428,0.8143961314142165,0.5996589829145984,    0.17217591665057028,0.7718348995651687
1990-03-26,0.523125,0.6619437850195552,30.08835386452524,0.0,    25.235291552307505,12.761234854854827,0.0,0.24045508688687808,0.220145171889269,    0.19876461656350977,0.8428205821271493,6.938119288466126,0.39049179742032264,6.547627491045803,1.4480186672027768,0.5331206900137687,    1.9811393572165454,1.3318725594569314,1.0565870005648315,2.388459560021763,0.5912471508635758,0.21768095686636874,0.8089281077299446,0.5903473857009561,    0.17515231960527822,0.7654997053062343
1990-03-27,0.5283899999999999,0.7008392841518458,31.856331097811175,0.0,    27.335274941668164,13.304033975800671,0.0,0.24538638506993993,0.2168822880843672,    0.1987405730858133,0.8524761251085853,8.159515467183619,0.37799009959894064,7.7815253675846785,1.4491716207397034,0.5863648491520272,    2.035536469891731,1.5758472331151254,1.25199351017103,2.827840743286155,0.5917179186162478,0.23942132396497448,0.8311392425812223,0.5895315665341564,    0.1916889495301057,0.7812205160642621
1990-03-28,0.5324399999999999,0.7461523218163049,33.91601462801386,0.0,    29.879203209629924,13.940630162415628,0.0,0.24916557258757835,0.1971400111888585,    0.19810150498250415,0.8620837379822731,11.081725995107602,0.38394453547978397,10.697781459627818,1.464225116529309,0.8796010284096948,    2.3438261449390034,2.4304082361635704,1.654386710419981,4.084794946583552,0.5978644806031415,0.35915393476835283,0.9570184153714942,0.5945410219605993,    0.2856883572936313,0.8802293792542306
1990-03-29,0.5358149999999999,0.8074829740259565,36.703771546634385,0.0,    33.427456839832416,14.806824999804567,0.0,0.2522965641380423,0.18864676019127544,    0.19727171483298142,0.8716291165947467,14.804128092574551,0.48889679961590243,14.315231292958648,1.8757502144870097,1.4844893859871122,    3.360239600474122,3.4018162682662747,2.2697048361582044,5.671521104424478,0.7658961829473984,0.6061386775127731,1.3720348604601713,0.7568569605818021,    0.477390423971533,1.234247384553335
1990-03-30,0.5412149999999999,0.8884778626492978,40.3853573931499,0.0,    38.23233498521077,15.955918189242933,0.0,0.2572583703473893,0.17388504747367095,    0.19601483896205532,0.8810802295169009,13.685091121541394,0.6102546749405366,13.074836446600857,1.2688422987717622,1.2626174339939404,    2.5314597327657027,2.916356365740005,2.0655393032513376,4.981895668991342,0.5180868251465287,0.5155451220264248,1.0336319471729536,0.5078099832956503,    0.4028700986172371,0.9106800819128874
1990-03-31,0.5481449999999999,0.9608850151091557,43.67659159587072,0.0,    42.70381307745366,16.990831246345984,0.0,0.26357092080629263,0.1643159111025437,    0.19503118160713395,0.8904575681374359,17.076518505636194,0.6979753399005016,16.378543165735692,1.113449939418004,1.7392276477651671,    2.852677587183171,4.033044420713546,2.746179699629115,6.77922412034266,0.4546378573846976,0.7101520268594104,1.164789884244108,0.4405553545521423,    0.5500690284294582,0.9906243829816004
1990-04-01,0.5557049999999999,1.0490663888843093,47.684835858377696,0.0,    48.438352967073634,18.26376958200593,0.0,0.27037920067302257,0.1564489632892039,    0.19393268091895055,0.8997525192063572,16.59749747818654,1.0879373936865202,15.50956008450002,1.6956294463996329,2.0824476873112356,    3.7780771337108687,2.9170671643330306,2.385477086902756,5.302544251235787,0.6923502450702681,0.850293777167716,1.542644022237984,0.6530175306334042,    0.6512171691470227,1.3042346997804268
1990-04-02,0.5677649999999999,1.1299669342525673,51.3621333751167,0.0,    54.00613696022593,19.444944537595568,0.0,0.28103569398652184,0.1461643016358508,    0.1925397031724622,0.9089429969442919,17.090001678803574,1.1867158767425925,15.903285802060982,1.9170038146391963,2.4489852938272523,    4.365989108466448,2.4075814145541075,2.133940469000111,4.541521883554219,0.7827406298494284,0.9999564303126434,1.7826970601620717,0.7546135430838405,    0.7562708165184624,1.510884359602303
1990-04-03,0.5798699999999999,1.2086699180627394,54.93954173012452,0.0,    59.93989291595762,20.616526682791203,0.0,0.2914713535457523,0.15389044473016922,    0.19100860294995198,0.9180186421655383,14.337525042227147,0.7760733758883778,13.561451666338769,0.9155719109298078,1.3843155807581118,    2.2998874916879193,2.104995138966553,2.0911411642381,4.196136303204653,0.3738413709774103,0.565236251132302,0.9390776221097124,0.37044444558912853,    0.4247414098017117,0.7951858553908402
1990-04-04,0.5854499999999999,1.272150291173293,57.82501323514968,0.0,    65.19184564181836,21.58176378823418,0.0,0.2962174026957437,0.17888694030014393,    0.1902304796129701,0.927035928136511,14.17443565143196,0.6677316159922654,13.506704035439695,1.089956427215415,1.2384802351579978,    2.328436662373413,1.6429871816724246,2.1061429139478127,3.749130095620237,0.4450451135422495,0.5056895515391001,0.9507346650813496,0.4426557379683337,    0.3777323636267782,0.8203881015951119
1990-04-05,0.588285,1.3337082323262628,60.623101469375584,0.0,    70.51063200917334,22.527592856765434,0.0,0.29860495102636825,0.18935626703470915,    0.18951438979970994,0.9359995073714893,20.993097546956918,0.6899145122998049,20.303183034657113,1.4732102319449647,1.857026283500857,    3.3302365154458218,3.0545063480434815,4.010172447996721,7.064678796040203,0.6015332343354046,0.7582509287118888,1.3597841630472933,0.5953781296215976,    0.5612235778462248,1.1566017074678223
1990-04-06,0.5908049999999999,1.4249698990787305,64.77135904903321,0.0,    78.57299318928736,23.937516492572573,0.0,0.30070013216560343,0.1765993137364556,    0.1884248763241746,0.9448813730958023,20.96691665582662,0.7523199564784159,20.214596699348203,1.6144608440578996,2.459974310039002,    4.074435154096902,2.630922283492097,3.526869821923354,6.15779210541545,0.6592079203467651,1.004443405980258,1.6636513263270232,0.6465574053572343,    0.7350205140468199,1.3815779194040543
1990-04-07,0.5934149999999999,1.5147082013693118,68.85037278951418,0.0,    86.65962824489017,25.33081341632429,0.0,0.30283696190293297,0.1649121926495657,    0.18708303479051624,0.953662600705091,22.311580950271026,1.0981745659145914,21.213406384356436,1.9903193069620135,3.2941099666156908,    5.284429273577704,1.9709582117722935,2.7511393288809587,4.722097540653252,0.8126764151620329,1.3450331660124204,2.157709581174453,0.7808694627233241,    0.9698656654152459,1.7507351281385701
1990-04-08,0.5999849999999999,1.6076579603886816,73.07536183584917,0.0,    95.21042255028568,26.781572159748766,0.0,0.3080794039101993,0.15243154350148905,    0.18537150933347796,0.9623154639051018,24.846058449996082,1.1234715390586179,23.722586910937466,1.7775041737521589,3.9282690151432864,    5.705773188895446,2.514466236916753,3.155326078903093,5.669792315819847,0.7257808909392375,1.6039695589807512,2.3297504499199886,0.6727832676133815,    1.1384526075057124,1.811235875119094
1990-04-09,0.6059249999999998,1.7081626383916353,77.64375629052888,0.0,    104.9543597035692,28.37191074065118,0.0,0.3126938876861405,0.14201426288772895,    0.18356351258727346,0.9708327273491473,24.575636620058457,1.0203772930841037,23.555259326974355,1.1736503360886765,3.5919959697563493,    4.765646305845026,2.9336205729514226,3.762559930163772,6.696180503115195,0.4792185577710745,1.4666643677560294,1.945882925527104,0.4265127836586013,    1.0274069219485584,1.4539197056071598
1990-04-10,0.6096599999999999,1.8048731598222076,82.03968908282762,0.0,    114.7925845024449,29.922309307924294,0.0,0.3155363633865286,0.13531453295435567,    0.18208093080169097,0.9792387971592741,18.157089937608703,1.0655575337101373,17.091532403898565,0.23438483756219566,1.3752994388278956,    1.6096842763900914,2.152512761767587,3.2308694152737423,5.383382177041329,0.09570274924837273,0.5615548288214145,0.6572575780697872,0.0950483924313554,    0.39181172011945065,0.4868601125508061
1990-04-11,0.6130799999999998,1.8736388796112657,85.1654036186939,0.0,    122.00546180580847,31.034171273254707,0.0,0.3181103394178101,0.18447617073359607,    0.18163624992894278,0.9876115159039448,20.68932832867435,1.5190299415749153,19.170298387099436,1.6675857253132096,3.0251383662985725,    4.692724091611782,1.0906184362457774,2.5659419234233365,3.6565603596691134,0.6808995845452966,1.235208136851769,1.9161077213970654,0.6717605127299381,    0.8512049150988829,1.522965427828821
1990-04-12,0.6205049999999999,1.9493241307473763,88.60564230669893,0.0,    130.1719132008465,32.267819629110335,0.0,0.32353862867048,0.1714709813209666,    0.18025897769985713,0.9958809392314341,8.05876721955062,1.6121831811661527,6.446584038384469,0.41156680258848677,0.8302344264713559,    1.2418012290598426,0.528500682713766,1.179793115619613,1.708293798333379,0.16804873095354797,0.33899683085460075,0.5070455618081487,0.1658574705868138,    0.23282549833097088,0.39868296891778465
1990-04-13,0.6280649999999999,1.973721941355284,89.71463369796746,0.0,    132.97379593658223,32.67286191012864,0.0,0.3289461830766787,0.1720112219854674,    0.17988916810533,1.0041226268393337,14.802347915880363,1.862030011818549,12.940317904061814,1.4663794374655177,2.785085967832972,    4.25146540529849,0.30330827952332706,1.0434209996403954,1.3467292791637224,0.5987441212765865,1.137191239787224,1.7359353610638104,0.5849197728589987,    0.7722487829715757,1.3571685558305744
1990-04-14,0.6372899999999999,2.02054466876478,91.8429394893082,0.0,    138.71172544860005,33.465880732599125,0.0,0.3353116657436645,0.16160201332466986,    0.17865349727682653,1.0122716391350957,20.611843732514615,1.7608675643384588,18.850976168176157,1.4537981001666762,3.4627042915757005,    4.916502391742377,1.00665037289604,2.017477802560942,3.024128175456982,0.5936069776744508,1.4138726889703206,2.0074796666447714,0.5874081962865793,    0.9482155420486783,1.5356237383352576
1990-04-15,0.6453899999999999,2.084934132329135,94.76973328768796,0.0,    147.27237607753213,34.585556937289105,0.0,0.3407033169374407,0.1762102794516096,    0.17730420632021507,1.0203194546091119,19.529593817095073,1.6053926690408338,17.924201148054237,1.0118083945598102,2.2338722573723153,    3.2456806519321257,1.1014552348403914,2.674979954292967,3.776435189133358,0.4131361314968201,0.9121226386645808,1.325258770161401,0.4127215181681006,    0.6238128627324213,1.0365343809005219
1990-04-16,0.651735,2.1429721213953625,97.40782369978922,0.0,    155.5804913180435,35.62052682389327,0.0,0.3449267806658501,0.2268058859976339,    0.17942613833521026,1.0285264149842526,21.656815028987058,1.6918781109389947,19.964936918048064,2.4307152181526366,2.736694305984519,    5.167409524137156,-0.13231704673286884,2.7998295264982205,2.6675124797653513,0.9924964918233519,1.1174322181381995,2.1099287099615514,0.991083705884342,    0.7661330132896502,1.7572167191739922
1990-04-17,0.65826,2.20484074501166,100.22003386416637,0.0,    164.9812562418806,36.74747704397551,0.0,0.34918957454408434,0.2184452302633781,    0.17969907627201034,1.0367538457046535,22.126595382643714,1.621988585653986,20.504606796989727,2.1648160926290037,2.797551020731309,    4.962367113360313,0.08296182607907795,2.829307963116633,2.9122697891957112,0.8839259989534913,1.1422809027718472,2.0262069017253386,0.8826048501416128,    0.7806048977305255,1.6632097478721384
1990-04-18,0.663705,2.26545092842407,102.9750422010941,0.0,    174.79098846725492,37.87760498239179,0.0,0.352670185103107,0.21730269994235213,    0.17933981591901854,1.04495433189858,17.567224326086446,1.5643888771917076,16.00283544889474,1.328511609845658,1.7504167532320005,    3.0789283630776585,0.29438039511097464,2.464435887449442,2.7588162825604163,0.5424506755343034,0.7147207018895169,1.2571713774238202,0.5405299814980772,    0.4853397811617143,1.0258697626597915
1990-04-19,0.66816,2.31084688091311,105.03849458695956,0.0,    182.54777865791843,38.74185778703145,0.0,0.35545600203969335,0.19804704303296464,    0.17864994504927365,1.0531030777772754,19.076945517282553,1.7157948443599025,17.36115067292265,1.214285787955218,2.109845183315238,    3.324130971270456,0.553033777446517,2.5979180997059523,3.150951877152469,0.49581060570824537,0.8614805745620164,1.3572911802702619,0.49250260063127604,    0.5804426891694334,1.0729452898007095
1990-04-20,0.6734249999999999,2.358404101369384,107.2001864258811,0.0,    191.05235963538755,39.663716854669715,0.0,0.3586608069973865,0.18496518874261547,    0.17780374277658625,1.0611883584855193,11.684498740814696,1.8909946970228662,9.793504043791831,0.09875254038738882,0.5882030153826784,    0.6869555557700672,0.9378816191562176,2.2474289524018136,3.1853105715580314,0.040322103206979897,0.2401718740589077,0.2804939772658876,0.04019799832795961,    0.16174311766655794,0.20194111599451756
1990-04-21,0.679545,2.384104083582506,108.36836743556846,0.0,    195.9093941429508,40.17324733713235,0.0,0.36229941832541285,0.20105792055646451,    0.1777515796887269,1.0692697269621738,24.4591198690385,2.826267840392602,21.632852028645896,2.394768602414483,4.249959780246184,    6.6447283826606665,0.21363106762170994,2.9644860762199507,3.1781171438416607,0.977818964095462,1.7353205923853343,2.7131395564807965,0.9698621268377718,    1.1502437772912728,2.1201059041290446
1990-04-22,0.6906599999999999,2.43798043575592,110.81729253435999,0.0,    206.79090949246165,41.27182204994672,0.0,0.36852351764730223,0.18103647262187078,    0.1760547573596344,1.0772238337641464,23.090213644485452,3.4145461952466887,19.675667449238762,2.808649139804087,5.655284692308135,    8.463933832112223,-0.35913459312418444,1.328765579917476,0.9696309867932915,1.1468124267296154,2.3091352600507187,3.455947686780334,1.1234119264958953,    1.4989699985090632,2.6223819250049587
1990-04-23,0.7037549999999999,2.4822099731637803,112.82772605289911,0.0,    216.94010912113328,42.226575632658545,0.0,0.37531824350394843,0.1638079760642544,    0.17386364277170246,1.0850136069720242,22.610000393134317,3.0155435575588667,19.59445683557545,1.3389571612152176,4.003077962975664,    5.342035124190882,0.9834280546940994,2.77559114920216,3.7590192038962593,0.5467157465767793,1.6345151439699546,2.181230890546734,0.5280937581145625,    1.0471247291007657,1.575218487215328
1990-04-24,0.7148249999999999,2.521665513317235,114.62115969623795,0.0,    227.29404269762742,43.13042737374931,0.0,0.3807127939051209,0.1548091669666971,    0.17250131806622296,1.092701205826991,21.99557369196651,2.9098178241778423,19.085755867788667,1.2870895329730978,4.172643882337042,    5.459733415310141,0.9056883431841495,2.3571053047523205,3.26279364793647,0.525537437128984,1.7037513830991415,2.229288820228126,0.5080114435957068,    1.077009525302009,1.585020968897716
1990-04-25,0.7250399999999999,2.558365949490754,116.28936134048881,0.0,    237.4821771627329,43.98259455972236,0.0,0.3853950514927955,0.15517327387022528,    0.17114241183174672,1.100286886714372,19.640261298455073,2.921790901403169,16.718470397051902,1.351981659605979,4.0694800050588436,    5.421461664664823,0.4953045391389058,1.566785192018817,2.062089731157723,0.5520338393192167,1.6616280666707677,2.2136619059899845,0.5375241405322754,    1.036672807172109,1.5741969477043845
1990-04-26,0.7349399999999999,2.5891154984860454,117.68706811300207,0.0,    246.4898809132406,44.70625772755261,0.0,0.38966261524920776,0.15931351716362477,    0.16982236847977014,1.1077735643503548,21.873142419500216,2.596536640032335,19.27660577946788,0.7620068215002347,2.8664285528590874,    3.6284353743593223,1.3067184902969242,3.649389461583235,4.956107951880159,0.31113850418858685,1.1704046041794622,1.481543108368049,0.30921374101423416,    0.7243950403459739,1.0336087813602082
1990-04-27,0.742995,2.6230072767493846,119.2276034886084,0.0,    256.9688855909573,45.515169394845145,0.0,0.3929702562490987,0.18648162099324841,    0.16902832408679075,1.1152006886568642,18.323360573183948,2.28220614889799,16.041154424285956,0.9491941788827842,2.201295902139162,    3.1504900810219465,0.6064697129535545,2.9091931434687557,3.5156628564223102,0.3875698335884419,0.8988212374786909,1.2863910710671327,0.38644629557908505,    0.5531775343652962,0.9396238299443812
1990-04-28,0.7490249999999999,2.6501525334872285,120.46147879487403,0.0,    265.7520238748241,46.171060411277885,0.0,0.39535702587366534,0.20235825887829115,    0.16847164464729922,1.1225860620054116,26.314256385809415,2.3814500207602904,23.932806365049125,1.8221799721453986,3.777351193663992,    5.599531165809391,0.7260201938626727,4.681735023421255,5.407755217283928,0.7440226713187575,1.5423476103241496,2.286370281642907,0.739079244089843,    0.9372517296161231,1.6763309737059662
1990-04-29,0.7553249999999999,2.6894706959551193,122.24866799795997,0.0,    278.9264577805215,47.13036100796365,0.0,0.3977389010919252,0.1850484242485193,    0.16722858565395846,1.1298782059294585,21.423081246012508,3.7252218062888085,17.6978594397237,2.0855488909421944,4.618317441734038,    6.703866332676233,0.021737662504293286,2.561372621443552,2.5831102839478453,0.8515600438620494,1.885726400532948,2.7372864443949974,0.8390232892592296,    1.1278274948780194,1.966850784137249
1990-04-30,0.767025,2.717632964233177,123.52877110150804,0.0,    288.7230254544929,47.82486357618673,0.0,0.4018257202465093,0.16975393369993405,    0.16569383932339457,1.1370552438787132,24.52871425940607,3.8502598371602623,20.678454422245807,1.2384053408590483,4.469691207949636,    5.708096548808685,1.4340969168059081,4.8445210527291485,6.278617969535056,0.5056589711040044,1.825040140570316,2.3306991116743205,0.4934154189327718,    1.0769329719537948,1.5703483908865665
1990-05-01,0.77886,2.7485578307118006,124.9344468505364,0.0,    300.2873455249625,48.604042616904735,0.0,0.405643566839995,0.16075969127424536,    0.16441396475737863,1.1441362912355166,25.758626453505716,4.763232682267388,20.995393771238327,2.5840465604765748,7.958978702808644,    10.54302526328522,0.39911704681261223,2.6304852804923695,3.0296023273049815,1.0551039162581783,3.2497671393351677,4.304871055593346,0.9929051683535652,    1.8699581837842219,2.8628633521377873
1990-05-02,0.793125,2.7779231283557584,126.26923310707994,0.0,    312.1499356910409,49.36200837634966,0.0,0.40977641805573084,0.14554990486904643,    0.16206607629944958,1.1510412469579754,23.446258322786804,5.290190221317535,18.15606810146927,2.171108605824456,8.174544757968143,    10.345653363792598,0.6059870869797706,1.9474365226894408,2.553423609669211,0.8864953239096188,3.3377859051306125,4.224281229040232,0.7785469903897746,    1.874270987387845,2.6528179777776195
1990-05-03,0.808425,2.801197995831053,127.32718162868423,0.0,    322.53440088016083,49.982918060022655,0.0,0.4137251272517251,0.13365262427357433,    0.15984499500734764,1.1577796215835265,24.28114998982939,6.249855878541997,18.031294111287394,2.9541118556567474,11.404193115321862,    14.358304970978608,0.022347850638712,-0.40694923011948175,-0.3846013794807697,1.2062069761596328,4.65649845547732,5.862705431636953,0.8599144357457679,    2.5287613297522453,3.388675765498013
1990-05-04,0.825615,2.8220560862016084,128.27527664552767,0.0,    332.98181177334806,50.56276461144449,0.0,0.4175849940639179,0.11920057630760553,    0.15688971265188256,1.1642963500324177,22.845065824462893,5.514571668751952,17.33049415571094,1.8991099959902642,9.500662997433315,    11.399772993423577,0.9916915575234854,1.451603363201668,2.4432949207251533,0.7754343225939508,3.879259332615236,4.654693655209186,0.4448451246023615,    2.0537705332708183,2.49861565787318
1990-05-05,0.840915,2.839667052778948,129.07577512631582,0.0,    343.16817752670727,51.080350133248764,0.0,0.42062510642919637,0.11161411991246126,    0.15470773855219425,1.1706494304238322,21.700472896495526,5.879605892504185,15.820867003991342,1.793361938259102,9.837665374733442,    11.631027312992545,1.0038161122096605,0.9469847535864006,1.9508008657960612,0.7322558475790627,4.016862320702302,4.749118168281364,0.330161762463567,    2.073830243680299,2.403992006143866
1990-05-06,0.8568,2.8537647755690645,129.71658070768476,0.0,    352.5850155277221,51.52058042612492,0.0,0.4234020155177453,0.10585099336510857,    0.15260498182343335,1.1768448040605897,20.109888654682862,5.959301487292073,14.150587167390789,1.6624767196497152,9.854510830241516,    11.516987549891232,0.8587021229139431,0.043323335227924566,0.9020254581418676,0.6788135029838468,4.023740565989973,4.70255406897382,0.2442050576042777,    2.02765756209754,2.271862619701818
1990-05-07,0.87264,2.8645366556775587,130.2062116217072,0.0,    361.11703022413866,51.8843746813172,0.0,0.42583572664137537,0.10162800064903799,    0.15062776528828895,1.1828918864572113,20.437996609008948,4.9124946870363395,15.525501921972609,0.7424159825993016,5.768806079507877,    6.511222062107178,1.7216484860039365,4.0499744458705855,5.771622931874522,0.3031392788018178,2.3554876989136697,2.6586269777154876,0.09879481339752531,    1.1709380289816365,1.2697328423791618
1990-05-08,0.88578,2.8743453429911883,130.652061045054,0.0,    370.59765275597846,52.25074748252399,0.0,0.4276586272950758,0.10000147917039595,    0.1495377045371394,1.1888572142974967,20.16167992277325,4.6244458293376995,15.53723409343555,0.7992204841029715,6.189707639261938,    6.98892812336491,1.6285190112081163,3.6366754752222947,5.265194486430412,0.32633338563964587,2.5273479474278377,2.8536813330674837,0.1577388009333072,    1.2383751898198683,1.3961139907531754
1990-05-09,0.89793,2.8824933118682217,131.02242326673735,0.0,    380.18471530855044,52.59019936692249,0.0,0.42918779485733044,0.10734455233156126,    0.14839839804124808,1.1947370941505904,14.40959882740498,4.947162493383268,9.462436334021714,0.6267288040322172,3.9366037182755256,    4.563332522307743,0.8745115478443174,2.2574031598849484,3.1319147077292655,0.25590251572101713,1.6073727398870787,1.8632752556080958,0.17450093948158774,    0.7800712928073401,0.9545722322889278
1990-05-10,0.910755,2.886516364798383,131.20528930901742,0.0,    386.07929192015536,52.78161827329907,0.0,0.430650914074654,0.11733450459091221,    0.1476493241125532,1.2005607934590319,13.678612499398428,4.184152907750017,9.494459591648411,0.6185770825122713,3.190167125593185,    3.808744208105456,0.6877154511250938,2.2763790098247263,2.96409446094982,0.25257404887700063,1.302591787320846,1.5551658361978467,0.2521467746844092,    0.6298543618480432,0.8820011365324525
1990-05-11,0.921285,2.8895553533694143,131.3434251531552,0.0,    392.0468418729329,52.964072409810456,0.0,0.4317629982343729,0.21442902794840646,    0.1473662930141477,1.2005607934590319,14.535689588407275,3.9534052897898593,10.582284298617415,2.191787837023485,3.0379586666962273,    5.229746503719712,-0.8235308151843441,2.718057441865543,1.8945266266811993,0.8949389557531874,1.2404428525740263,2.135381808327214,0.8935510208636407,    0.5982712201120349,1.4918222409756756
1990-05-12,0.93096,2.892031004809543,131.45595476407013,0.0,    398.74545519258044,53.159814463288384,0.0,0.43271507962349093,0.21644171482072888,    0.14716872649093932,1.2005607934590319,8.788453884304612,3.965593523554916,4.822860360749696,1.4200570981653589,1.7099926287421132,    3.130049726907472,-0.6307460458558306,1.715566779731786,1.0848207338759552,0.5798300342189509,0.6982149420038584,1.2780449762228092,0.5791919673867912,    0.3448459379487121,0.9240379053355033
1990-05-13,0.940545,2.8927783797515483,131.4899263523431,0.0,    401.8181173595795,53.24584082647171,0.0,0.4336175169976994,0.22457169409268354,    0.1490234450059779,1.2005607934590319,9.50598396734579,4.299099116755914,5.2068848505898755,1.943813394410184,2.1301802826998717,    4.073993677110056,-1.0715956161341456,1.6471342496093133,0.5755386334751676,0.7936873724670956,0.8697836923643014,1.663471064831397,0.7917969517486003,    0.42691450552698573,1.2187114572755862
1990-05-14,0.95112,2.8931786713955736,131.50812142707153,0.0,    405.1565562674642,53.335319627463804,0.0,0.4345350244903349,0.20668230866102705,    0.14853253801372515,1.2005607934590319,12.96526985892627,3.8396588362687725,9.125611022657498,1.6120517533065513,2.685775243334767,    4.2978269966413185,-0.40067828851244736,2.523917841537012,2.1232395530245647,0.6582242534402756,1.0966412218629462,1.7548654753032218,0.6546877695868074,    0.5332832218492649,1.1879709914360723
1990-05-15,0.9601649999999999,2.8931786713955736,131.50812142707153,0.0,    410.98245445582745,53.48571684980218,0.06632754389207896,0.43526360711860074,0.18934133356258342,    0.14780604430584318,1.2005607934590319,17.878210757039664,4.447413445497739,13.430797311541925,1.8164371129300354,4.16448230935665,    5.980919422286686,0.07624803439007702,3.888423825233688,3.964671859623765,0.7416777781030829,1.700418893760075,2.442096671863158,0.7381598989770384,    0.8163647489096885,1.5545246478867267
1990-05-16,0.9710099999999999,2.8931786713955736,131.50812142707153,0.0,    418.8208143549456,53.70034544055531,0.9578011121808916,0.4360610420121776,0.19190436158972432,    0.1468154013724927,1.2005607934590319,17.95366123846731,5.115988758148642,12.837672480318666,2.1660941217022978,4.632833703208855,    6.798927824911153,-0.19435677714864538,3.740844317760589,3.5464875406119436,0.8844478368727258,1.891653601909955,2.776101438782681,0.8776469624043218,    0.8940353545749822,1.771682316979304
1990-05-17,0.98352,2.8931786713955736,131.50812142707153,0.0,    425.45790935973935,53.897686666500526,2.732208891545402,0.4368878243405609,0.18214878314178265,    0.14561937163736932,1.2005607934590319,15.75323224211269,4.628805443027866,11.124426799084823,1.733441467171689,4.1835891019040705,    5.917030569075759,-0.0488147180117383,3.049156841892548,3.0003421238808095,0.7077894448929191,1.7082204759576491,2.416009920850568,0.6970108593345942,    0.796039417168714,1.493050276503308
1990-05-18,0.99459,2.8931786713955736,131.50812142707153,0.0,    430.3405873857934,54.0607589826905,5.206737881712709,0.4375530742687059,0.1691295372348255,    0.14456081257636907,1.2005607934590319,13.852876037663819,3.7284129896868126,10.124463047977006,1.3875316276700433,3.494326479036165,    4.881858106706209,-0.036894491361388906,2.3837956610484428,2.3469011696870536,0.5665494100140148,1.4267844895316977,1.9933338995457124,0.5517433874631185,    0.6570955493716742,1.2088389368347927
1990-05-19,1.002735,2.8931786713955736,131.50812142707153,0.0,    434.0732003840092,54.20267838740103,8.225881317242404,0.43800870508776907,0.15941430697290188,    0.14368687329505217,1.2005607934590319,21.248820404352873,4.499700310977416,16.749120093375456,1.964690774353532,6.393932863783256,    8.358623638136788,0.5821272409928124,4.525458735136214,5.107585976129026,0.8022119113342954,2.6107360865917886,3.412947997926084,0.7601945530123155,    1.178357626715457,1.9385521797277725
1990-05-20,1.0147733333333333,2.858254103463128,129.92064106650582,1.5874803605657097,    439.3578684021878,54.4571220213305,14.152383631360518,0.438540738341211,0.14751879532314977,    0.14221611607652038,1.2005607934590319,21.185201448732116,5.634535723356238,15.550665725375879,2.564143159071469,9.255586836144495,    11.819729995215964,0.3722317150879706,3.057837570847482,3.4300692859354527,1.0469770670401393,3.7791911598847636,4.826168226924903,0.918215368844287,    1.657809036629833,2.57602440547412
1990-05-21,1.0302216666666666,2.813436739463981,127.88348815745368,3.624633269617844,    443.0065802525202,54.795144341625274,20.895889260560025,0.43914130470917384,0.13349051177638993,    0.14018682957251133,1.2005607934590319,19.68179167345825,5.314028727320162,14.367762946138088,1.8258521230738178,8.0468950545893,    9.872747177663117,0.9195636143620162,3.235405739295979,4.154969353657996,0.7455220641257323,3.285664668615674,4.031186732741406,0.5859693285784496,    1.4083162210596254,1.9942855496380751
1990-05-22,1.0449466666666667,2.7707178473577705,125.94172033444413,5.5664010926274035,    444.893963446062,55.22752401878469,28.59044468140183,0.43964969357922,0.12431391068130997,    0.13857991246698861,1.2005607934590319,21.208673378215863,4.974045780286272,16.23462759792959,1.5121376722506206,8.049035017586576,    9.561172689837196,1.760413592292089,5.083943971916253,6.844357564208342,0.6174278762294845,3.2865384467331467,3.9039663229626314,0.4230164852381035,    1.378326532911363,1.8013430181494665
1990-05-23,1.058845,2.7303972088434882,124.10896403834037,7.3991573887311635,    445.43737010134674,55.84468633551534,38.85282697336278,0.4400785689922607,0.1175222848196817,    0.13710167820645136,1.2005607934590319,21.547613235769145,4.23206603019257,17.315547205576575,1.1180405781770832,7.131853734258037,    8.24989431243512,2.3154738590639843,6.417904114128552,8.733377973192537,0.4565122821752238,2.9120399455218653,3.368552227697089,0.2753287496533632,    1.1991207355217561,1.4744494851751193
1990-05-24,1.07047,2.6966717677070062,122.57598944122756,8.932131985843974,    445.43737010134674,56.63206246658902,50.28644963930355,0.4404050266502282,0.1130804262492712,    0.13588485091989286,1.2005607934590319,17.17607582163136,4.237871225292699,12.938204596338661,0.9318400797213321,5.679699952853986,    6.611540032575318,1.5391305834982973,3.9553013748243977,5.494431958322695,0.3804839016751237,2.3191043671915903,2.699588268866714,0.20375715221623483,    0.9412782590608829,1.1450354112771177
1990-05-25,1.0821983333333334,2.6626465448715337,121.02938840325153,10.47873302382001,    445.43737010134674,57.30091399466528,58.74749768862973,0.44070565560697555,0.10977826786296281,    0.13494081231545507,1.2005607934590319,16.826319606873618,3.5949005105581033,13.231419096315514,0.7511280957967928,4.856129471802275,    5.607257567599068,1.6510240781500738,4.376667717691392,6.0276917958414655,0.30669656174483967,1.98282852249008,2.2895250842349197,0.1483549683459452,    0.7951376039475202,0.9434925722934654
1990-05-26,1.0916016666666668,2.6353664102633574,119.78938228469806,11.718739142373483,    445.43737010134674,58.06774242990199,67.31577955140973,0.4409295369152245,0.10736079342153908,    0.13416188550275393,1.2005607934590319,17.068411519815328,3.5392286841860248,13.529182835629303,0.8473466336233089,5.481099986484409,    6.328446620107718,1.68136466178013,4.107064262198786,5.788428923978915,0.3459839947308263,2.238013103013039,2.5839970977438655,0.14903225438992368,    0.8854668479611092,1.0344991023510328
1990-05-27,1.10085,2.6085359482036674,118.56981582743943,12.93830559963212,    445.43737010134674,58.919530625425764,76.00779416716449,0.44113395811036327,0.10492695575603794,    0.13330378293274545,1.2005607934590319,20.1805132457981,3.5710653579702947,16.609447887827805,0.8127104965356174,6.3319589615079375,    7.144669458043555,2.6875274701030745,6.710767795280693,9.398295265383767,0.3318415545580229,2.585431237988584,2.917272792546607,0.1278963158099591,    1.0076109628076027,1.1355072786175617
1990-05-28,1.110305,2.581105922745995,117.32299648845434,14.185124938617205,    445.43737010134674,60.03131805821656,86.6113467006471,0.4413273815619943,0.10283279838844643,    0.1323562335290111,1.2005607934590319,15.617433843198615,3.571237428846411,12.046196414352204,0.750313064522249,5.117938336630675,    5.868251401152924,1.7075582530130626,3.9473378399923886,5.654896093005451,0.30636377258275677,2.0897289022342465,2.396092674817003,0.1066826937093927,    0.8045165982150723,0.9111992919244649
1990-05-29,1.1198116666666669,2.553526006438828,116.06936392903764,15.438757498033903,    445.43737010134674,60.77211244838345,94.3685829656303,0.4415078086180412,0.10107946878097891,    0.1315977773848019,1.2005607934590319,19.144427452138284,3.776551256127053,15.367876196011231,1.0711243414151508,7.908626539741629,    8.97975088115678,2.6402273641031835,5.511589454175091,8.151816818278276,0.43735569811797625,3.229207616431571,3.6665633145495473,0.13276135767533606,    1.220260173701898,1.3530215313772342
1990-05-30,1.1302483333333335,2.523248054840742,114.69309340185191,16.815028025219625,    445.43737010134674,61.63043968145209,104.3533544648954,0.44168926420650617,0.09889500318458586,    0.13046115672427872,1.2005607934590319,16.742852880746003,4.479724306715403,12.263128574030599,1.167446791401891,8.128807495796117,    9.296254287198009,2.0636703822735956,3.3512695076361343,5.41493988990973,0.47668555995523676,3.3191107136016607,3.7957962735568973,0.12563961383801303,    1.2305645329085306,1.3562041467465438
1990-05-31,1.1433200000000001,2.4853256699183865,112.96934863265395,18.538772794417586,    445.43737010134674,62.236796816331776,112.4010921831034,0.4418937448437147,0.09682520172025112,    0.12932020419159615,1.2005607934590319,15.472672725947328,4.962521993232369,10.510150732714958,0.9421803856315735,7.108844264839477,    8.05102465047105,2.188457331957216,3.7605474696179955,5.949004801575212,0.3847059994608506,2.9026448434111405,3.287350842871991,0.09096120358776755,    1.0586392022029185,1.1496004057906861
1990-06-01,1.1580966666666668,2.442456886962681,111.02076758921278,20.48735383785876,    445.43737010134674,62.66869373576473,119.3880120283711,0.4420998859688327,0.09533227678537844,    0.12835445998050926,1.2005607934590319,14.110005269346416,5.80822854536174,8.301776723984677,1.2100622845073392,8.598732235180819,    9.80879451968816,1.7306217679261249,1.351700146029196,3.0823219139553206,0.4940860876224083,3.510987841690234,4.005073929312642,0.25141261376540075,    1.2554245027682451,1.5068371165336458
1990-06-02,1.1754566666666668,2.3920935615322017,108.73152552419099,22.776595902880555,    445.43737010134674,62.92755976016646,124.99082063950082,0.4423114238467401,0.10852540610215647,    0.12721122644110863,1.2005607934590319,13.121926012210228,4.813203208884191,8.308722803326036,0.7613547843984674,4.70582777772157,    5.467182562120037,1.6734318307229716,3.3218057318008514,4.9952375625238234,0.31087226792560974,1.9214581476406645,2.232330415566274,0.31059552380908445,    0.7016475652742858,1.0122430890833702
1990-06-03,1.1903366666666668,2.348924996877505,106.76931803988658,24.73880338718495,    445.43737010134674,63.08416389298673,130.70289585895918,0.4424791094675171,0.2297451994867067,    0.12842625850671424,1.2005607934590319,6.045891444428603,4.629305928093572,1.4165855163350312,2.7693038130062106,2.5997400435670888,    5.3690438565733,-1.6976262921991125,0.9466001762582389,-0.7510261159408737,1.1307471556830901,1.0615117943985317,2.192258950081622,1.1289835900563774,    0.3901092767695455,1.519092866825923
1990-06-04,1.2049066666666668,2.3066557773197807,104.84798987817186,26.660131548899674,    445.43737010134674,63.09497285277977,131.69298587902554,0.44262903851113383,0.21631047675934387,    0.12880055653879377,1.2005607934590319,10.46853057868155,4.0109166057476315,6.457613972933919,2.372248984502889,3.410118148817369,    5.782367133320257,-0.4510116086953047,2.663173347402858,2.2121617387075534,0.9686238755027939,1.3924009995612125,2.3610248750640066,0.9665623717874127,    0.5071575329120213,1.473719904699434
1990-06-05,1.2176683333333334,2.2696327374943985,103.16512443156357,28.34299699550796,    445.43737010134674,63.09497285277977,136.25667066555127,0.4427485487529407,0.20919984813410944,    0.12827718113639297,1.2005607934590319,14.867349027899072,4.500263157904138,10.367085869994934,3.9698133402535976,6.3070924293575805,    10.276905769611178,-0.6710221770668368,3.7631061151722967,3.09208393810546,1.6209327131253533,2.575277870066776,4.19621058319213,1.606015997077211,    0.9117806587662128,2.5177966558434237
1990-06-06,1.2323933333333335,2.226913845388188,101.22335660855401,30.28476481851752,    445.43737010134674,63.09497285277977,143.58323311784451,0.4428700120335886,0.17864128884852284,    0.12664821924587552,1.2005607934590319,9.14744053597743,4.498322967886551,4.649117568090878,1.770286340056671,3.799806392182819,    5.57009273223949,0.1165775739259692,1.8791801671114299,1.995757741037399,0.7228337441209522,1.5515163955387625,2.274350139659715,0.7203569656135353,    0.5427873942066727,1.263144359820208
1990-06-07,1.2473766666666668,2.1834454990345007,99.24752268338639,32.260598743685144,    445.43737010134674,63.09497285277977,146.8688285723257,0.442980472744184,0.19874812945139925,    0.12597490514620727,1.2005607934590319,6.83132264296296,4.221614204339559,2.609708438623401,1.8514556539106635,2.8917121138865953,    4.743167767797258,-0.42316499789347645,1.3367768314190371,0.9136118335255607,0.7559763593652927,1.1807282510769685,1.9367046104422614,0.7547105395214389,    0.41162268689666576,1.1663332264181046
1990-06-08,1.26174,2.1417758428747584,97.35344740339812,34.154674023673415,    445.43737010134674,63.09497285277977,148.71314549008076,0.44307630099502054,0.21466559787030257,    0.12577882111603114,1.2005607934590319,6.883007549016617,3.733173660337193,3.1498338886794244,1.7886366621651095,2.4879012079107143,    4.276537870075824,-0.33036267660681623,1.7209355744722072,1.390572897865391,0.7303264484001049,1.0158463658820143,1.7461728142821191,0.7292743997616643,    0.3546503690820619,1.0839247688437261
1990-06-09,1.274605,2.1044530213503854,95.65695551592661,35.851165911144925,    445.43737010134674,63.09497285277977,150.93917650681533,0.44315514440602066,0.21816583054421956,    0.1258588985095808,1.2005607934590319,7.079093606220799,3.571682878370544,3.5074107278502553,1.9702835316953828,2.4921707133999202,    4.462454245095303,-0.43833882547725217,1.8187864754996306,1.3804476500223783,0.8044955157647744,1.0175896672725728,1.8220851830373472,0.8015079475128155,    0.35162308965832,1.1531310371711356
1990-06-10,1.2871083333333333,2.0681794357724805,94.00815617147639,37.49996525559515,    445.43737010134674,63.09497285277977,153.4179120035293,0.4432248768731143,0.1970330045784643,    0.12528721070460852,1.2005607934590319,6.415597352028319,3.715488775060746,2.7001085769675734,1.3853817997463573,2.3949206944781363,    3.780302494224494,0.08907530017895811,1.6634312169396743,1.7525065171186323,0.5656716039031434,0.9778810655043324,1.5435526694074757,0.5615611857705816,    0.3346627993065869,0.8962239850771685
1990-06-11,1.30049,2.0293577057531524,92.24353207968875,39.26458934738278,    445.43737010134674,63.09497285277977,155.32611594484914,0.4432924334286651,0.18326658783767974,    0.12475721923446598,1.2005607934590319,5.4122694422563065,3.6228666009318826,1.7894028413244238,1.4419123449837228,2.4843686923062833,    3.926281037290006,-0.17092535865889216,0.9457834882893458,0.7748581296304536,0.5887538503999534,1.01440398821534,1.6031578386152934,0.5809171288783743,    0.3434192270531829,0.9243363559315572
1990-06-12,1.31382,1.9906858665833198,90.48572120833272,41.0224002187388,    445.43737010134674,63.09497285277977,156.59071159242822,0.4433532940147486,0.171626461267017,    0.12416685755068718,1.2005607934590319,6.0921665370464915,3.433132602072381,2.6590339349741106,1.0909179219129432,2.393672270378813,    3.484590192291756,0.38479806074764256,1.4642863648660238,1.8490844256136665,0.44543770585708636,0.9773713157279569,1.4228090215850433,0.4360468906444849,    0.32776805669135933,0.7638149473358442
1990-06-13,1.326685,1.9533630450589465,88.78922932086121,42.71889210621031,    445.43737010134674,63.09497285277977,158.46988751820498,0.4434066522869312,0.16322267882085964,    0.12365707815105814,1.2005607934590319,7.781112768344243,3.4661296558222467,4.314983112521996,1.263807073657265,3.1880740154440357,    4.451881089101301,0.7335807550541267,1.847910248724587,2.5814910037787135,0.5160308692598176,1.3017371399049262,1.8177680091647437,0.49830239453663006,    0.43126053238767514,0.9295629269243052
1990-06-14,1.340015,1.914691205889114,87.03141844950518,44.47670297756633,    445.43737010134674,63.09497285277977,161.51934554825587,0.4434565802256439,0.15466143074070132,    0.12300738764130802,1.2005607934590319,8.79201794413701,3.056272370058284,5.7357455740787255,1.025055430863281,3.197952378679172,    4.223007809542453,1.3546521228484092,2.6272770974866226,3.981929220335032,0.4185450897162218,1.3057706197558818,1.7243157094721036,0.39717113199965803,    0.42775910044078425,0.8249302324404423
1990-06-15,1.3517949999999999,1.8805160922041457,85.47800419109754,46.03011723597398,    445.43737010134674,63.09497285277977,165.5728759893009,0.44349688011647115,0.1479421801257815,    0.12241460868779606,1.2005607934590319,9.540751977453027,2.9691530276043334,6.571598949848694,1.0255985293213106,3.5487970575442707,    4.574395586865581,1.7161515004817538,2.986008408898611,4.702159909380365,0.41876684474136144,1.4490256215545478,1.8677924662959093,0.3874610654519441,    0.4689938037039163,0.8564548691558604
1990-06-16,1.3634199999999999,1.846790651067664,83.94502959398473,47.563091833086794,    445.43737010134674,63.09497285277977,170.21711552983,0.44353321125277473,0.14162819369585272,    0.12178583972319486,1.2005607934590319,11.755978276217363,3.408172390222774,8.347805885994589,1.6375030305254756,5.8072784058778,    7.444781436403275,2.384329198703932,3.461532899496816,5.845862098200747,0.6686163813060007,2.371196511146907,3.0398128924529075,0.5821756106043706,    0.7524558050807603,1.3346314156851309
1990-06-17,1.3773699999999998,1.8063201217038856,82.10546007744935,49.402661349622164,    445.43737010134674,63.09497285277977,176.11662498989685,0.44357211830618715,0.1326741277010936,    0.12077307099894882,1.2005607934590319,11.928801354766973,3.288649296551694,8.640152058215278,1.3316918450303414,5.886443042278598,    7.218134887308939,3.2290973529435454,4.324929822877307,7.554027175820852,0.543749211965227,2.4035205873354686,2.9472697993006953,0.4375812998711769,    0.748843451396478,1.186424751267655
1990-06-18,1.3911133333333332,1.7664491557380892,80.29314344264043,51.21497798443109,    445.43737010134674,63.09497285277977,182.2227395186709,0.4436064195987222,0.12586249242006242,    0.11984977156208293,1.2005607934590319,9.57402656923924,3.893609207532316,5.680417361706924,1.28729168745838,5.347887053566401,    6.635178741024781,2.2358341818573098,2.3109548667918354,4.546789048649146,0.5256199797551011,2.1836203187003185,2.70924029845542,0.39177586122515734,    0.6690680037742947,1.060843864999452
1990-06-19,1.4076983333333333,1.718334193050042,78.10609968409283,53.4020217429787,    445.43737010134674,63.09497285277977,186.23716874955917,0.4436428172317727,0.12132335794486249,    0.1190244937213276,1.2005607934590319,6.196050239196203,4.326393894368681,1.869656344827522,1.0909552394064865,3.87780024799517,    4.968755487401657,1.1747834603216054,0.909538445401131,2.0843219057227365,0.44545294313422545,1.58336242492939,2.0288153680636154,0.32988498995708715,    0.4791410733849316,0.8090260633420188
1990-06-20,1.4262983333333332,1.6643734872316711,75.65334032871233,55.85478109835919,    445.43737010134674,63.09497285277977,187.55848065403092,0.4436783738936131,0.12099658716449413,    0.11841757675600255,1.2005607934590319,6.015862258539955,3.7967229625019057,2.2191392960380494,0.8886968798963166,3.2901131447703382,    4.178810024666655,1.2440089915186645,1.0468814620227909,2.290890453541455,0.3628679036542182,1.3434012053325632,1.7062691089867814,0.3625289427418536,    0.42194690681739666,0.7844758495592503
1990-06-21,1.4435033333333331,1.6144598343496783,73.38453792498538,58.12358350208615,    445.43737010134674,63.09497285277977,189.1267769763193,0.44370876618621535,0.22856026734658702,    0.12025416444677879,1.2005607934590319,8.927819474244034,3.1588379302724423,5.7689815439715915,4.862249229709961,4.413008194678667,    9.275257424388629,-1.4195564579913527,2.245079361102634,0.8255229031112813,1.9853273089414203,1.8018956391506187,3.787222948092039,1.974044077286751,    0.5503772154551098,2.524421292741861
1990-06-22,1.4584866666666665,1.5709914879959905,71.40870399981776,60.09941742725377,    445.43737010134674,63.09497285277977,193.20379573530982,0.44373202733974687,0.1881965588647252,    0.11887095154652111,1.2005607934590319,6.297581854475489,2.9643960357711188,3.33318581870437,1.9983880945418024,2.820346676645555,    4.818734771187358,0.2833814096803921,1.4850024346092088,1.768383844289601,0.8159710188681367,1.15158870170886,1.9675597205769968,0.8149531508904501,    0.3646391508809172,1.1795923017713672
1990-06-23,1.4729533333333331,1.5290220501372578,69.50100227896627,62.00711914810527,    445.43737010134674,63.09497285277977,195.55940408775106,0.4437531411706419,0.22156644539001907,    0.12066241450126403,1.2005607934590319,8.60759411963644,3.0727161629620707,5.53487795667437,3.6644501184099236,3.8093224955585803,    7.473772613968505,-0.12419954791743111,2.568005479359199,2.4438059314417675,1.496248453880019,1.5554019594031503,3.051650413283169,1.4931960187305142,    0.48985078332495086,1.983046802055465
1990-06-24,1.4884016666666664,1.4842046861381109,67.46384936991413,64.0442720571574,    445.43737010134674,63.09497285277977,199.47097861543614,0.44377334271304414,0.21015457507650984,    0.12038962749029015,1.2005607934590319,9.518253901323511,3.0713499020128916,6.44690399931062,3.674080034181297,4.440856408417136,    8.114936442598433,0.7216236690592869,3.1515992059127713,3.873222874972058,1.500180489006251,1.8132664711726367,3.3134469601788874,1.4878702410205626,    0.5569867448989508,2.0448569859195134
1990-06-25,1.5043149999999996,1.4380383044935046,65.36537747697749,66.14274395009404,    445.43737010134674,63.09497285277977,204.02709451600902,0.44379156907341694,0.1808722943879643,    0.11914770145515333,1.2005607934590319,3.665377856846755,3.173618676234194,0.4917591806125614,1.1297750827787092,1.7180618857195962,    2.8478369684983056,0.5375994445895281,1.127817196453885,1.665416641043413,0.4613036516303631,0.7015097373718897,1.1628133890022527,0.4550227507622945,    0.21370386970558838,0.6687266204678829
1990-06-26,1.5212099999999997,1.3890239967084843,63.1374543958402,68.37066703123132,    445.43737010134674,63.09497285277977,204.3746275058412,0.4438086878882337,0.171204168507101,    0.1187414747527128,1.2005607934590319,8.799720510159622,3.538691817826442,5.26102869233318,2.5766486982842034,4.998497004546432,    7.575145702830635,2.3498054711400465,2.7959018489340663,5.145707320074113,1.052083261177695,2.040959263492932,3.0930425246706266,1.0505973715739296,    0.6404372376414004,1.6910346092153299
1990-06-27,1.5403266666666664,1.3335643823951586,60.61656283614358,70.89155859092794,    445.43737010134674,63.09497285277977,208.0926689845219,0.4438262200915366,0.21862970962040396,    0.12020676299401256,1.2005607934590319,6.194206687426627,4.026784854008326,2.1674218334183006,3.255902192297417,3.0787413331471822,    6.334643525444599,-0.01131736521329463,1.8278429324563779,1.8165255672430833,1.3294323742421341,1.2570950103741232,2.5865273846162573,1.3272252392150532,    0.40606000092977385,1.733285240144827
1990-06-28,1.5620266666666665,1.2706102256070593,57.755010254866335,73.75311117220518,    445.43737010134674,63.09497285277977,209.62441586326275,0.44384390928755735,0.214862358990524,    0.12168233078057343,1.2005607934590319,8.875583750279027,2.7151057201494373,6.16047803012959,4.803106975202053,4.441808367923946,    9.244915343126,0.1286878975243016,2.541181680368563,2.6698695778928645,1.9611786634401864,1.8136551701299692,3.7748338335701557,1.9425799124640473,    0.5686850830593342,2.5112649955233817
1990-06-29,1.578663333333333,1.2223453720695165,55.561153275887115,75.94696815118441,    445.43737010134674,63.09497285277977,213.9781105842024,0.4438556723990821,0.17806029603576812,    0.12016919135900185,1.2005607934590319,7.007293019458871,2.9329056354783285,4.074387383980542,2.235591026218765,3.4252752096953563,    5.6608662359141215,1.990870370468721,2.2953174213216183,4.286187791790339,0.9128244370643344,1.3985898486848825,2.311414285749217,0.8932656632655241,    0.43090402176065296,1.324169685026177
1990-06-30,1.5970566666666663,1.1689842296491275,53.13564680223307,78.37247462483845,    445.43737010134674,63.09497285277977,216.85753629726284,0.44386695561222017,0.16293287296557646,    0.11929582718374103,1.2005607934590319,6.455404250339962,3.100230907018835,3.355173343321127,1.5144180312353246,2.7521986131000147,    4.266616644335339,2.458956644022683,2.339332634660656,4.798289278683338,0.6183589800772387,1.1237628529675547,1.7421218330447934,0.6176531525240777,    0.3533375443191458,0.9709906968432236
1990-07-01,1.6169999999999998,1.1111263617438742,50.50574371563065,81.00237771144087,    445.43737010134674,63.09497285277977,219.22868353635903,0.4438778643788331,0.22369042147579776,    0.12030777351446728,1.2005607934590319,5.416944576581601,2.2070763028443876,3.2098682737372135,2.731505481186153,1.905321418523067,    4.63682689970922,0.3388026603593398,1.8308909679065917,2.1696936282659314,1.115313545259285,0.7779705370492684,1.8932840823085535,1.1136678078674564,    0.2522016707435111,1.3658694786109675
1990-07-02,1.6327066666666665,1.06555954349725,48.434524704420454,83.07359672265106,    445.43737010134674,63.09497285277977,221.49714168034293,0.44388582891029904,0.21760259723562853,    0.12186863177622663,1.2005607934590319,6.880000698167723,1.8108849578446566,5.069115740323066,2.868835300758525,2.4345515876712343,    5.303386888429759,1.4177745274335998,2.49742371123477,3.91519823866837,1.1713873144653304,0.9940629374769238,2.165450251942254,1.1689989350041223,    0.3202240077085161,1.4892229427126384
1990-07-03,1.64614,1.0265879226284265,46.663087392201206,84.84503403487031,    445.43737010134674,63.09497285277977,225.07955563110127,0.4438920094084862,0.21016706141397962,    0.12154184840992724,1.2005607934590319,8.260005638088181,1.6140969593735914,6.64590867871459,3.0010290760537117,2.682283557239466,    5.683312633293178,2.516904448847747,3.3714418975905827,5.88834634643833,1.2253639618494165,1.0952155154806213,2.320579477330038,1.219099744387528,    0.34705952394862116,1.5661592683361492
1990-07-04,1.6584366666666666,0.9909139004485035,45.041540929477435,86.46658049759408,    445.43737010134674,63.09497285277977,229.77631088107626,0.4438971302240922,0.19035992122441814,    0.1207019148714406,1.2005607934590319,6.7200708306751435,1.6580492979659085,5.062021532709235,2.389833363943041,2.473439310411607,    4.863272674354648,2.2636528955571094,2.4346544777693615,4.698307373326471,0.9758038342140846,1.0099413621095519,1.9857451963236366,0.9634657290732479,    0.3150742334489869,1.2785399625222347
1990-07-05,1.6716633333333333,0.9525418429776621,43.29735649898464,88.21076492808687,    445.43737010134674,63.09497285277977,233.3537112575492,0.4439020884440281,0.1725880539970445,    0.11991564782190746,1.2005607934590319,3.791798561009032,1.7967511716927176,1.9950473893163145,2.358342667036045,2.2697581524903834,    4.628100819526428,0.2725624891034809,0.41603823404600015,0.688600723149481,0.9629457231643584,0.9267753732772732,1.8897210964416318,0.9615637554500409,    0.29172495316738795,1.253288708617429
1990-07-06,1.6866983333333332,0.9089236057744788,41.3147093533854,90.1934120736861,    445.43737010134674,63.09497285277977,234.76363874116498,0.44390722477683153,0.21825346355449743,    0.12036386793676436,1.2005607934590319,4.576525336835455,1.528314358744173,3.048210978091282,1.5454215262588669,1.1613841808704255,    2.706805707129292,1.7747383818900302,2.025846906698593,3.800585288588623,0.6310181594888501,0.47421010761148435,1.1052282671003344,0.6300888616932676,    0.1497976067701746,0.7798864684634422
1990-07-07,1.7000799999999998,0.870101875755151,39.55008526159777,91.95803616547374,    445.43737010134674,63.09497285277977,236.91785144652985,0.4439114150874337,0.21764840725349094,    0.12054218941883957,1.2005607934590319,2.834391606074408,1.5690834861197112,1.265308119954697,1.2210287847062193,0.7544355699561963,    1.9754643546624155,0.9720606163334726,1.279291007529956,2.251351623863429,0.4985638696734216,0.3080470517057735,0.8066109213791951,0.4977323013111533,    0.097491557243853,0.5952238585550063
1990-07-08,1.7145466666666664,0.828132437896418,37.64238354074627,93.86573788632523,    445.43737010134674,63.09497285277977,237.8120621320102,0.4439155301769493,0.21475523826672913,    0.12063722919158239,1.2005607934590319,2.545663067554575,1.921664557964118,0.623998509590457,2.6008553028475974,1.2631137639825785,    3.863969066830176,-0.36948077087513037,0.685879560086318,0.3163987892111877,1.061967171036285,0.5157477808030807,1.5777149518393658,1.0563498257489288,    0.16126501681875716,1.217614842567686
1990-07-09,1.7328366666666664,0.77507107717502,35.230503507955454,96.27761791911605,    445.43737010134674,63.09497285277977,238.25305047801052,0.44392007158647373,0.18966045040535165,    0.12002911045167027,1.2005607934590319,4.157492731629428,1.4171510540062613,2.7403416776231664,1.9451450664883427,1.5105251758165326,    3.4556702423048753,1.8379002081369868,1.497845631924572,3.335745840061559,0.7942311136079587,0.6167694704063924,1.4110005840143511,0.7911765436416743,    0.1911706112192214,0.9823471548608957
1990-07-10,1.7476649999999998,0.7320524033698187,33.27510924408267,98.23301218298883,    445.43737010134674,63.09497285277977,240.18968770601276,0.4439233726668885,0.19629102047901398,    0.11959275590427865,1.2005607934590319,4.6911800362035985,1.2401205569209026,3.451059479282696,1.6755891816260007,1.3782654363044144,    3.053854617930415,2.9992616017510283,2.0911327419254926,5.090394343676521,0.6841675125417913,0.5627658888700035,1.2469334014117948,0.6816424070502889,    0.17316729497255548,0.8548097020228443
1990-07-11,1.7614083333333332,0.6921814374040224,31.462792609273748,100.04532881779775,    445.43737010134674,63.09497285277977,242.62859899879206,0.4439261400961061,0.19716389072154736,    0.11923320290652696,1.2005607934590319,6.392767022245351,1.33862915748789,5.054137864757461,3.462925845847479,2.792883915804966,    6.255809761652445,4.9969393369890085,3.0258276454053497,8.022766982394359,1.4139631528123398,1.1403752557294564,2.5543384085417964,1.3958876793932447,    0.34334991041567375,1.7392375898089183
1990-07-12,1.7771666666666666,0.6464647283079026,29.384760377631938,102.12336104943957,    445.43737010134674,63.09497285277977,246.2004278784793,0.44392893070514167,0.17238229430767887,    0.11817360372429973,1.2005607934590319,5.158519376055615,1.4526440723041523,3.705875303751463,2.8840426447343503,2.64845164471642,    5.53249428945077,4.458425785549561,2.0303340609380753,6.4887598464876355,1.1775966949115635,1.081401451932561,2.2589981468441245,1.1367727244431203,    0.31918506392611246,1.4559577883692327
1990-07-13,1.7951983333333332,0.5941528218339819,27.00694644699918,104.50117498007232,    445.43737010134674,63.09497285277977,248.81942102600684,0.4439317011941188,0.1545062055272638,    0.11722539454419267,1.2005607934590319,5.7667848102934425,1.1900277031448812,4.576757107148561,3.4003403388333386,3.3457041870589936,    6.746044525892332,5.86579398576108,2.013227635548378,7.879021621309457,1.3884085770699257,1.366099839066476,2.7545084161364017,1.2385921696646254,    0.39344912785743785,1.6320412975220633
1990-07-14,1.8115766666666666,0.5466374225439165,24.84715557017802,106.66096585689348,    445.43737010134674,63.09497285277977,252.05387834554645,0.4439338988895608,0.13562572427380032,    0.11608144928866122,1.2005607934590319,5.250644593792692,0.9535988814244555,4.297045712368236,1.9780908720563626,2.657275951884737,    4.6353668239411006,7.904858842271656,2.5707675538438393,10.475626396115494,0.8076833667564807,1.0850045453109711,1.8926879120674518,0.6468011074401359,    0.3077564974808637,0.9545576049209996
1990-07-15,1.82594,0.5049677663841745,22.95308029018975,108.55504113688175,    445.43737010134674,63.09497285277977,255.0906597677148,0.44393562105530604,0.1255269197991986,    0.11538325651237279,1.2005607934590319,4.483152336745175,1.1317488727104443,3.351403464034731,2.2199246536836563,2.8875594851717126,    5.1074841388553684,7.5032306401581526,1.8095776990514258,9.312808339209578,0.9064276285593421,1.1790326721787963,2.0854603007381383,0.5899146932117925,    0.3290965344881935,0.919011227699986
1990-07-16,1.844075,0.4523560782112629,20.561639918693768,110.94648150837774,    445.43737010134674,63.09497285277977,257.4591427811669,0.44393751347051624,0.11558559107189063,    0.11465986970556652,1.2005607934590319,3.100821114802557,1.127734429554688,1.973086685247869,1.5906331879658198,1.978085012580997,    3.568718200546817,5.277495549774968,0.9762067935706422,6.25370234334561,0.6494787406785126,0.8076809742471892,1.4571597149257018,0.3472944986741138,    0.223180988030789,0.5704754867049029
1990-07-17,1.8638633333333332,0.394947882854496,17.952176493386183,113.55594493368532,    445.43737010134674,63.09497285277977,258.85355033257883,0.44393930127824377,0.10974071355988321,    0.11421171133591367,1.2005607934590319,2.9470628286452754,0.7867765809826237,2.1602862476626514,1.1270456764408812,1.4050186459848824,    2.532064322425763,5.8671183229166,1.1968608326488264,7.063979155565426,0.4601891951959669,0.5736896147571763,1.0338788099531433,0.21159025435142867,    0.15750331039659332,0.369093564748022
1990-07-18,1.8803966666666665,0.3469828110159441,15.771945955270187,115.73617547180132,    445.43737010134674,63.09497285277977,260.3802543945312,0.44394062816479213,0.10625979425820495,    0.11392711496811997,1.2005607934590319,2.318559953700349,0.6031071741553451,1.7154527795450039,0.5496921860439968,0.8033072362643171,    1.352999422308314,5.658271394578697,1.2209722276308967,6.879243622209594,0.224447340501703,0.32800206617975847,0.5524494066814615,0.09542693408160043,    0.08976414165311995,0.18519107573472038
1990-07-19,1.8949666666666665,0.30471359145822025,13.850617793555466,117.65750363351604,    445.43737010134674,63.09497285277977,261.592588514351,0.44394168422221253,0.10467034986420871,    0.11378711034286013,1.2005607934590319,2.7151418613293226,0.5953989840483292,2.119742877280993,1.5514478550344533,1.5961905664776892,    3.1476384215121427,8.429381575639956,1.2092533834782868,9.638634959118244,0.633478797462265,0.6517478994164733,1.2852266968787383,0.21868365858262276,    0.17707557800105744,0.3957592365836802
